,FIN,DVS,WSO,IRRAD,TEMP,RAIN,DAYS
0,0.0,-0.1,0.0,1800000.0,-0.63,0.16799999999999998,1.0
1,0.0,-0.1,0.0,3030000.0,5.15,0.161,2.0
2,0.0,-0.0998820093457944,0.0,5300000.0,4.15,0.004,3.0
3,0.0,-0.09979043354101766,0.0,5150000.0,3.5,0.028000000000000004,4.0
4,0.0,-0.09974552180685359,0.0,4870000.0,2.69,0.002,5.0
5,0.0,-0.09971242211838006,0.0,5550000.0,2.25,0.011,6.0
6,0.0,-0.09971242211838006,0.0,4860000.0,2.51,0.031,7.0
7,0.0,-0.09971242211838006,0.0,5290000.0,0.31,0.017,8.0
8,0.0,-0.09971242211838006,0.0,3140000.0,1.47,0.13999999999999999,9.0
9,0.0,-0.09971242211838006,0.0,4050000.0,2.71,0.006,10.0
10,0.0,-0.09970151869158879,0.0,4290000.0,-0.36,0.028999999999999998,11.0
11,0.0,-0.09970151869158879,0.0,6320000.0,-2.17,0.026000000000000002,12.0
12,0.0,-0.09970151869158879,0.0,6890000.0,-7.93,0.003,13.0
13,0.0,-0.09970151869158879,0.0,7040000.0,-8.83,0.004,14.0
14,0.0,-0.09970151869158879,0.0,5940000.0,-7.77,0.0,15.0
15,0.0,-0.09970151869158879,0.0,5940000.0,-10.59,0.0,16.0
16,0.0,-0.09970151869158879,0.0,6440000.0,-9.26,0.001,17.0
17,0.0,-0.09970151869158879,0.0,7180000.0,-7.88,0.005,18.0
18,0.0,-0.09970151869158879,0.0,5120000.0,-7.33,0.043,19.0
19,0.0,-0.09970151869158879,0.0,2430000.0,-3.52,0.16499999999999998,20.0
20,0.0,-0.09970151869158879,0.0,5330000.0,2.96,0.10400000000000001,21.0
21,0.0,-0.09970151869158879,0.0,2320000.0,3.79,0.16799999999999998,22.0
22,0.0,-0.09970151869158879,0.0,3780000.0,9.12,0.086,23.0
23,0.0,-0.09813609813084112,0.0,8550000.0,6.21,0.038,24.0
24,0.0,-0.09809916926272066,0.0,4670000.0,3.05,0.007000000000000001,25.0
25,0.0,-0.09809916926272066,0.0,7770000.0,4.96,0.005,26.0
26,0.0,-0.09771287642782969,0.0,6990000.0,4.17,0.001,27.0
27,0.0,-0.09746657580477673,0.0,9120000.0,1.05,0.001,28.0
28,0.0,-0.09746657580477673,0.0,7680000.0,-0.72,0.011,29.0
29,0.0,-0.09746657580477673,0.0,6030000.0,-0.2,0.002,30.0
30,0.0,-0.09746657580477673,0.0,7900000.0,2.55,0.001,31.0
31,0.0,-0.09744282191069574,0.0,4590000.0,2.65,0.002,32.0
32,0.0,-0.09738317757009346,0.0,4430000.0,1.74,0.002,33.0
33,0.0,-0.09738317757009346,0.0,6990000.0,0.25,0.003,34.0
34,0.0,-0.09738317757009346,0.0,8800000.0,0.89,0.004,35.0
35,0.0,-0.09738317757009346,0.0,6710000.0,3.8,0.02,36.0
36,0.0,-0.0972853712357217,0.0,4630000.0,2.07,0.023,37.0
37,0.0,-0.0972853712357217,0.0,6000000.0,2.53,0.11599999999999999,38.0
38,0.0,-0.09716926272066459,0.0,4190000.0000000005,2.91,0.088,39.0
39,0.0,-0.09703368380062305,0.0,10220000.0,3.23,0.038,40.0
40,0.0,-0.09701693925233644,0.0,3940000.0,3.73,0.16499999999999998,41.0
41,0.0,-0.09698189252336448,0.0,5240000.0,7.09,0.563,42.0
42,0.0,-0.09576051401869158,0.0,4780000.0,4.34,0.47000000000000003,43.0
43,0.0,-0.09572293613707164,0.0,11780000.0,3.12,0.012,44.0
44,0.0,-0.09572293613707164,0.0,9930000.0,4.59,0.398,45.0
45,0.0,-0.09531795171339563,0.0,5750000.0,1.78,0.062,46.0
46,0.0,-0.09531795171339563,0.0,11720000.0,1.92,0.001,47.0
47,0.0,-0.09531795171339563,0.0,11530000.0,1.49,0.026000000000000002,48.0
48,0.0,-0.09531795171339563,0.0,10300000.0,2.58,0.16999999999999998,49.0
49,0.0,-0.09497644080996884,0.0,3770000.0,4.13,0.339,50.0
50,0.0,-0.09477083333333332,0.0,8790000.0,3.66,0.21000000000000002,51.0
51,0.0,-0.09475292056074765,0.0,8710000.0,1.83,0.06999999999999999,52.0
52,0.0,-0.09475292056074765,0.0,6260000.0,3.6,0.11000000000000001,53.0
53,0.0,-0.09475292056074765,0.0,8359999.999999999,3.73,0.312,54.0
54,0.0,-0.09474746884735201,0.0,9400000.0,2.65,0.016,55.0
55,0.0,-0.09473929127725855,0.0,6580000.0,1.35,0.012,56.0
56,0.0,-0.09473929127725855,0.0,13120000.0,4.0,0.003,57.0
57,0.0,-0.09399552180685357,0.0,13640000.0,4.79,0.006,58.0
58,0.0,-0.09374104361370715,0.0,7280000.0,4.78,0.075,59.0
59,0.0,-0.0936634865005192,0.0,8420000.0,5.8,0.10300000000000001,60.0
60,0.0,-0.09305691848390446,0.0,11740000.0,4.81,0.032,61.0
61,0.0,-0.09295340083073728,0.0,15120000.0,4.36,0.001,62.0
62,0.0,-0.09266095534787123,0.0,15850000.0,3.63,0.0,63.0
63,0.0,-0.09240842419522326,0.0,14910000.0,6.01,0.001,64.0
64,0.0,-0.09090316718587746,0.0,16040000.0,6.79,0.002,65.0
65,0.0,-0.0893914849428868,0.0,14920000.0,10.44,0.002,66.0
66,0.0,-0.08635345275181723,0.0,10960000.0,10.51,0.012,67.0
67,0.0,-0.08291030633437174,0.0,13290000.0,9.94,0.081,68.0
68,0.0,-0.08016770508826582,0.0,11500000.0,7.26,0.10700000000000001,69.0
69,0.0,-0.07939395119418483,0.0,13700000.0,5.63,0.027000000000000003,70.0
70,0.0,-0.07908164589823467,0.0,12390000.0,6.97,0.189,71.0
71,0.0,-0.07829309449636551,0.0,5830000.0,5.21,0.9789999999999999,72.0
72,0.0,-0.0782802440290758,0.0,15220000.0,6.78,0.22799999999999998,73.0
73,0.0,-0.07741595275181723,0.0,8600000.0,7.2,0.21000000000000002,74.0
74,0.0,-0.07679387331256489,0.0,12860000.0,7.19,0.152,75.0
75,0.0,-0.0755707424714434,0.0,18270000.0,6.82,0.03,76.0
76,0.0,-0.075202492211838,0.0,8760000.0,7.15,0.071,77.0
77,0.0,-0.07436195482866043,0.0,7310000.0,8.5,0.187,78.0
78,0.0,-0.07307768691588784,0.0,7780000.0,9.93,0.991,79.0
79,0.0,-0.06991121495327102,0.0,13380000.0,6.59,0.11499999999999999,80.0
80,0.0,-0.06978056853582554,0.0,19160000.0,8.62,0.016,81.0
81,0.0,-0.06824688473520249,0.0,6850000.0,8.62,0.011,82.0
82,0.0,-0.06687577881619937,0.0,15080000.0,6.91,0.10600000000000001,83.0
83,0.0,-0.06591179906542055,0.0,5640000.0,4.88,0.40800000000000003,84.0
84,0.0,-0.0659102414330218,0.0,16649999.999999998,6.73,0.052000000000000005,85.0
85,0.0,-0.0649809839044652,0.0,21120000.0,6.57,0.032,86.0
86,0.0,-0.06407509086188992,0.0,11400000.0,6.76,0.376,87.0
87,0.0,-0.06338544911734163,0.0,19090000.0,6.58,0.006,88.0
88,0.0,-0.06277018431983385,0.0,21940000.0,6.87,0.004,89.0
89,0.0,-0.06181327881619937,0.0,17180000.0,8.0,0.008,90.0
90,0.0,-0.059949571651090335,0.0,18680000.0,8.83,0.025,91.0
91,0.0,-0.05814544392523364,0.0,22400000.0,8.73,0.004,92.0
92,0.0,-0.05672332554517133,0.0,10700000.0,7.44,0.019,93.0
93,0.0,-0.05600817757009345,0.0,7910000.0,8.15,0.253,94.0
94,0.0,-0.05489466510903426,0.0,7550000.0,7.91,0.022,95.0
95,0.0,-0.05393983644859812,0.0,22680000.0,6.8,0.028999999999999998,96.0
96,0.0,-0.05305328400830736,0.0,12830000.0,8.88,0.20400000000000001,97.0
97,0.0,-0.051310293354101755,0.0,16680000.0,8.19,0.25,98.0
98,0.0,-0.05008404724818275,0.0,10210000.0,6.08,0.195,99.0
99,0.0,-0.04985916407061266,0.0,17330000.0,6.35,0.062,100.0
100,0.0,-0.049740005192107986,0.0,18220000.0,6.65,0.08399999999999999,101.0
101,0.0,-0.04935682762201453,0.0,21420000.0,6.92,0.072,102.0
102,0.0,-0.04884592419522325,0.0,22300000.0,7.71,0.007000000000000001,103.0
103,0.0,-0.04669950674974039,0.0,24800000.0,13.37,0.002,104.0
104,0.0,-0.040068276220145374,0.0,20940000.0,13.1,0.014000000000000002,105.0
105,0.0,-0.03507840083073727,0.0,16510000.000000002,9.69,0.269,106.0
106,0.0,-0.03161442107995845,0.0,21330000.0,9.4,0.205,107.0
107,0.0,-0.029307567497403937,0.0,11530000.0,9.23,0.484,108.0
108,0.0,-0.027511617341640697,0.0,14370000.0,8.55,0.322,109.0
109,0.0,-0.02630717808930425,0.0,26070000.0,9.26,0.005,110.0
110,0.0,-0.02405237538940809,0.0,15980000.0,9.4,0.003,111.0
111,0.0,-0.021888304776739347,0.0,18900000.0,8.44,0.020999999999999998,112.0
112,0.0,-0.01965504932502595,0.0,26510000.0,8.84,0.022,113.0
113,0.0,-0.017612993250259595,0.0,22990000.0,6.51,0.024,114.0
114,0.0,-0.01724967549325025,0.0,22510000.0,6.37,0.006,115.0
115,0.0,-0.01693581256490134,0.0,24100000.0,8.72,0.003,116.0
116,0.0,-0.01526447300103841,0.0,27410000.0,8.18,0.006,117.0
117,0.0,-0.013780438733125637,0.0,12680000.0,8.19,0.10400000000000001,118.0
118,0.0,-0.012599169262720653,0.0,18200000.0,8.68,0.13899999999999998,119.0
119,0.0,-0.01116108515057112,0.0,9890000.0,6.84,0.42699999999999994,120.0
120,0.0,-0.010610851505711305,0.0,11800000.0,10.24,0.43099999999999994,121.0
121,0.0,-0.007756879543094484,0.0,22600000.0,9.71,0.054000000000000006,122.0
122,0.0,-0.005876817237798533,0.0,26190000.0,9.08,0.034999999999999996,123.0
123,0.0,-0.0038516355140186783,0.0,19800000.0,7.52,0.025,124.0
124,0.0,-0.0031954828660436,0.0,23410000.0,7.81,0.068,125.0
125,0.0,-0.0022885514018691445,0.0,17230000.0,10.37,0.001,126.0
126,0.0,0.0,0.0,27360000.0,14.43,0.0,127.0
127,0.0,0.029677067762830096,0.0,8680000.0,13.1,0.028000000000000004,128.0
128,0.0,0.05057579720976582,0.0,25060000.0,9.91,0.026000000000000002,129.0
129,0.0,0.06202385401096164,0.0,24250000.0,10.2,0.018,130.0
130,0.0,0.07119238913801694,0.0,20490000.0,13.46,0.06899999999999999,131.0
131,0.0,0.0949068883906328,0.0,27400000.0,13.69,0.005,132.0
132,0.0,0.12057143746885901,0.0,23690000.0,16.77,0.019,133.0
133,0.0,0.15942233432984557,0.0,8279999.999999999,10.94,0.01,134.0
134,0.0,0.17083489038365723,0.0,12840000.0,10.51,0.007000000000000001,135.0
135,0.0,0.18189430742401597,0.0,27660000.0,11.12,0.002,136.0
136,0.0,0.19627211011459894,0.0,26140000.0,14.13,0.002,137.0
137,0.0,0.22428593672147487,0.0,22060000.0,14.99,0.018,138.0
138,0.0,0.253927192326856,0.0,5450000.0,14.1,0.396,139.0
139,0.0,0.2762366093672148,0.0,27470000.0,10.3,0.026000000000000002,140.0
140,0.0,0.28788459142999506,0.0,27480000.0,10.41,0.087,141.0
141,0.0,0.2989589561534629,0.0,13440000.0,12.58,0.501,142.0
142,0.0,0.32016535874439467,0.0,24750000.0,11.19,0.046,143.0
143,0.0,0.33308763079222725,0.0,26740000.0,10.11,0.071,144.0
144,0.0,0.3430969730941705,0.0,13570000.0,10.06,0.126,145.0
145,0.0,0.35320347533632296,0.0,23130000.0,13.21,0.025,146.0
146,0.0,0.3775532511210763,0.0,30040000.0,15.13,0.001,147.0
147,0.0,0.40575298953662187,0.0,29920000.0,18.26,0.002,148.0
148,0.0,0.44808046836073745,0.0,30020000.0,22.65,0.003,149.0
149,0.0,0.5041853512705531,0.0,22230000.0,14.55,0.028000000000000004,150.0
150,0.0,0.5265361858495267,0.0,25460000.0,11.2,0.003,151.0
151,0.0,0.5412783383158943,0.0,28460000.0,14.14,0.013000000000000001,152.0
152,0.0,0.5662194818136522,0.0,21070000.0,15.88,0.011,153.0
153,0.0,0.6001432486297957,0.0,26260000.0,13.63,0.098,154.0
154,0.0,0.6254459392127554,0.0,10210000.0,12.48,0.776,155.0
155,0.0,0.6484952665670155,0.0,23740000.0,12.84,0.20600000000000002,156.0
156,0.0,0.6707953413054311,0.0,22970000.0,13.01,0.118,157.0
157,0.0,0.6925903089187844,0.0,15350000.0,12.14,0.184,158.0
158,0.0,0.7083582461385153,0.0,20980000.0,11.63,0.027000000000000003,159.0
159,0.0,0.724140196811161,0.0,26320000.0,12.47,0.066,160.0
160,0.0,0.7423950548081715,0.0,24290000.0,14.75,0.015,161.0
161,0.0,0.7684824987543598,0.0,25770000.0,16.62,0.08399999999999999,162.0
162,0.0,0.8024735301444943,0.0,22650000.0,18.23,0.126,163.0
163,0.0,0.8443120951669159,0.0,22570000.0,18.44,0.04,164.0
164,0.0,0.8882807050323868,0.0,30300000.0,21.14,0.0,165.0
165,0.0,0.9405153836571999,0.0,28880000.0,20.08,0.001,166.0
166,0.0,0.9895061036372697,0.0,29960000.0,15.94,0.0,167.0
167,0.0,1.0,1.4280603094314521,29850000.0,16.88,0.0,168.0
168,0.0,1.0124481537683359,3.57652254349167,29300000.0,18.75,0.0,169.0
169,0.0,1.0275430998145338,5.56880680791361,25190000.0,18.72,0.057999999999999996,170.0
170,0.0,1.0431703127634464,7.664585899445845,5140000.0,15.23,0.53,171.0
171,0.0,1.0533220578317317,8.549025380202977,9970000.0,11.8,0.284,172.0
172,0.0,1.0590428469060869,10.114849410634665,27490000.0,17.34,0.001,173.0
173,0.0,1.0721447690102852,13.151137683890253,30360000.0,20.84,0.0,174.0
174,0.0,1.0898995742707809,15.37159007229885,27680000.0,23.12,0.003,175.0
175,0.0,1.1106789538020572,17.341322972418407,30460000.0,22.32,0.0,176.0
176,0.0,1.130006849603777,19.38989491645328,14380000.0,19.88,0.053000000000000005,177.0
177,0.0,1.1489066978587086,21.123333204250685,29970000.0,21.22,0.025,178.0
178,0.0,1.1671072542572922,23.307080262591583,27990000.0,22.77,0.062,179.0
179,0.0,1.187291245152588,25.21523247538071,23670000.0,16.02,0.10600000000000001,180.0
180,0.0,1.197488513741359,27.32854382868539,29260000.0,16.26,0.001,181.0
181,0.0,1.2089711895127297,29.875355711129547,24020000.0,20.83,0.0,182.0
182,0.0,1.2266412704434329,31.751391547544433,29850000.0,21.33,0.0,183.0
183,0.0,1.2455221505648288,33.681252299923166,27550000.0,21.18,0.0,184.0
184,0.0,1.263851690271455,35.5919699694243,29920000.0,22.95,0.0,185.0
185,0.0,1.283715751981116,37.19255280171254,28910000.0,22.0,0.001,186.0
186,0.0,1.3027471126285617,38.83113695064237,29160000.0,18.18,0.0,187.0
187,0.0,1.3174606938121731,40.859844017495455,28880000.0,19.01,0.0,188.0
188,0.0,1.3332455530264709,42.83537286056853,26160000.0,19.14,0.0,189.0
189,0.0,1.348650838813016,44.772882086376455,28940000.0,20.56,0.0,190.0
190,0.0,1.366028178216152,46.52548362950069,28240000.0,22.75,0.0,191.0
191,0.0,1.3850869372787047,48.123668542620734,24760000.0,21.06,0.001,192.0
192,0.0,1.4045406550328776,49.63479093115967,27580000.0,20.56,0.0,193.0
193,0.0,1.4222012518968128,51.313712095631445,27190000.0,20.73,0.0,194.0
194,0.0,1.440119499241274,53.099057176402354,27650000.0,23.02,0.0,195.0
195,0.0,1.459345599393019,54.661239021073456,27810000.0,26.23,0.0,196.0
196,0.0,1.4815329413252396,55.66177255099664,27010000.0,27.68,0.001,197.0
197,0.0,1.5046502486933058,56.47476488913839,25990000.0,27.37,0.0,198.0
198,0.0,1.5277711389310398,57.30279159809929,25120000.0,25.61,0.002,199.0
199,0.0,1.5504083417636143,58.49396941360685,26890000.0,22.65,0.0,200.0
200,0.0,1.5706726310908778,60.49557393397058,24600000.0,20.49,0.0,201.0
201,0.0,1.5890448490979592,63.01683888165901,26520000.0,18.27,0.0,202.0
202,0.0,1.6038703422694311,66.37962632674085,24450000.0,21.42,0.0,203.0
203,0.0,1.6220886022593148,68.98398570285669,22710000.0,25.37,0.0,204.0
204,0.0,1.6438908910807615,70.85975500900605,22490000.0,27.03,0.004,205.0
205,0.0,1.6668903852638672,72.166848891659,24620000.0,27.33,0.001,206.0
206,0.0,1.690855357443938,72.9862775994348,24620000.0,23.69,0.003,207.0
207,0.0,1.7121300160175343,74.95284151662794,24050000.0,22.99,0.007000000000000001,208.0
208,0.0,1.7325439428426903,77.21376373500574,20800000.0,23.3,0.056999999999999995,209.0
209,0.0,1.7532811709661096,79.60156144341119,20400000.0,23.08,0.004,210.0
210,0.0,1.775252170797504,82.82317106277713,24680000.0,25.15,0.0,211.0
211,0.0,1.7970089360984651,84.74893330428975,23830000.0,26.88,0.023,212.0
212,0.0,1.8201656550328775,85.53386375115696,21050000.0,24.31,0.041999999999999996,213.0
213,0.0,1.842844166245152,87.34400669289465,26360000.0,22.91,0.02,214.0
214,0.0,1.8636638003709318,89.49923791674017,25220000.0,21.28,0.012,215.0
215,0.0,1.8829575535322873,91.80283444449933,23400000.0,22.16,0.16,216.0
216,0.0,1.902080593491822,93.80082347606427,14250000.0,21.17,0.064,217.0
217,0.0,1.9211703338391495,96.13935243228642,24560000.0,19.12,0.0,218.0
218,0.0,1.938345346484572,98.96264147684174,24470000.0,22.83,0.0,219.0
219,0.0,1.957761549485752,100.47954937564799,24510000.0,24.69,0.0,220.0
220,0.0,1.979305239419996,101.01006314018618,22400000.0,27.02,0.018,221.0
221,0.0,2.0,101.01006314018618,21000000.0,25.75,0.020999999999999998,222.0
222,0.0,2.0268110537387645,101.01006314018618,22870000.0,24.19,0.001,223.0
223,0.0,2.0518383056033658,100.12859590235428,22070000.0,19.44,0.001,224.0
224,0.0,2.070478580990629,100.4540164499739,22510000.0,18.33,0.0,225.0
225,0.0,2.087772757697456,101.19264687399944,22500000.0,19.81,0.0,226.0
226,0.0,2.106528016829221,101.40855955683062,23100000.0,22.31,0.0,227.0
227,0.0,2.1286091986995594,100.68631698436927,22340000.0,23.93,0.0,228.0
228,0.0,2.1529063874545797,99.43573292926995,22450000.0,23.06,0.0,229.0
229,0.0,2.176832807420156,98.18401647885865,21640000.0,20.68,0.0,230.0
230,0.0,2.198009299101166,97.46807996329815,22390000.0,19.4,0.0,231.0
231,0.0,2.2168619716963085,97.23020374633735,21790000.0,20.76,0.0,232.0
232,0.0,2.2363721552878175,96.74897830225093,22700000.0,23.43,0.0,233.0
233,0.0,2.2598888410785998,95.33452372861261,20780000.0,22.81,0.0,234.0
234,0.0,2.284194994262765,93.89499413113622,22230000.0,18.94,0.002,235.0
235,0.0,2.302375573723465,93.04670869568973,21570000.0,18.08,0.0,236.0
236,0.0,2.319724971313826,92.48700166595279,22060000.0,20.85,0.0,237.0
237,0.0,2.340025100401606,91.38467189995916,20830000.0,23.53,0.0,238.0
238,0.0,2.3636135016255495,89.85533057853198,20240000.0,19.98,0.003,239.0
239,0.0,2.383277873398355,88.50086459993679,21510000.0,16.69,0.003,240.0
240,0.0,2.3982606616943962,87.86936266298396,21350000.0,18.98,0.0,241.0
241,0.0,2.416103461464907,86.71497895333584,10610000.0,17.11,0.21800000000000003,242.0
242,0.0,2.431258366800535,85.54212435229826,15150000.0,17.8,0.003,243.0
243,0.0,2.449847007075922,84.86152681157243,20010000.0,17.02,0.008,244.0
244,0.0,2.466163702428762,83.86606173222329,21470000.0,17.1,0.0,245.0
245,0.0,2.481452715624402,82.85777411439152,20600000.0,19.67,0.0,246.0
246,0.0,2.502456731688659,81.23308988619702,19830000.0,21.65,0.0,247.0
247,0.0,2.5253404092560716,79.58447993974215,16050000.0,19.08,0.267,248.0
248,0.0,2.543215480971505,77.75078594589475,17460000.0,13.73,0.221,249.0
249,0.0,2.553224086823484,76.41171411692625,17210000.0,16.39,0.049,250.0
250,0.0,2.567268837253777,75.58743840150655,17510000.0,18.27,0.008,251.0
251,0.0,2.584885016255498,73.7503650599996,19690000.0,16.29,0.003,252.0
252,0.0,2.5997645343277873,71.8627124315165,18830000.0,15.5,0.008,253.0
253,0.0,2.6124409542933638,69.91265759744036,16610000.0,14.03,0.008,254.0
254,0.0,2.622690524000765,67.70669624196972,18260000.0,14.11,0.002,255.0
255,0.0,2.6335181200994455,67.70669624196972,19090000.0,14.09,0.0,256.0
256,0.0,2.6447720644482695,67.70669624196972,16880000.0,14.73,0.002,257.0
257,0.0,2.656830895008606,67.70669624196972,16600000.000000002,17.59,0.0,258.0
258,0.0,2.6739751864601264,67.70669624196972,18680000.0,19.08,0.0,259.0
259,0.0,2.6933261617900173,67.70669624196972,18250000.0,20.71,0.014000000000000002,260.0
260,0.0,2.7145811818703387,67.70669624196972,17950000.0,21.78,0.0,261.0
261,0.0,2.7375406387454584,67.70669624196972,7620000.0,19.64,0.16499999999999998,262.0
262,0.0,2.757287483266399,67.70669624196972,9290000.0,17.21,0.013000000000000001,263.0
263,0.0,2.770497466054695,67.70669624196972,14740000.0,11.89,0.13,264.0
264,0.0,2.7776011187607574,67.70669624196972,5610000.0,9.83,0.7030000000000001,265.0
265,0.0,2.7813841078600117,67.70669624196972,9750000.0,8.44,0.273,266.0
266,0.0,2.783554575444636,67.70669624196972,16149999.999999998,8.66,0.005,267.0
267,0.0,2.7870557228915667,67.70669624196972,12660000.0,10.7,0.026000000000000002,268.0
268,0.0,2.7940994932109393,67.70669624196972,10140000.0,11.26,0.002,269.0
269,0.0,2.801344903423217,67.70669624196972,15390000.0,9.8,0.0,270.0
270,0.0,2.8067780646395106,67.70669624196972,15090000.0,8.51,0.0,271.0
271,0.0,2.8111094377510044,67.70669624196972,15500000.0,9.65,0.0,272.0
272,0.0,2.8166822050105185,67.70669624196972,14370000.0,12.27,0.0,273.0
273,0.0,2.825175822336967,67.70669624196972,16090000.0,13.61,0.0,274.0
274,0.0,2.8353689759036147,67.70669624196972,15430000.0,15.1,0.0,275.0
275,0.0,2.848460628227195,67.70669624196972,15490000.0,16.73,0.0,276.0
276,0.0,2.8658222174411936,67.70669624196972,10320000.0,14.05,0.006,277.0
277,0.0,2.8759340935169253,67.70669624196972,11140000.0,11.34,0.001,278.0
278,0.0,2.882385613884108,67.70669624196972,8050000.000000001,13.36,0.002,279.0
279,0.0,2.89380988238669,67.70669624196972,14780000.0,15.91,0.0,280.0
280,0.0,2.909012119908205,67.70669624196972,14390000.0,17.08,0.034,281.0
281,0.0,2.9261040590935177,67.70669624196972,13490000.0,14.83,0.013000000000000001,282.0
282,0.0,2.938849325874929,67.70669624196972,7200000.0,13.35,0.36,283.0
283,0.0,2.9495033706253593,67.70669624196972,6920000.0,10.0,0.095,284.0
284,0.0,2.9530030837636265,67.70669624196972,7370000.0,10.05,0.10600000000000001,285.0
285,0.0,2.9579846768024485,67.70669624196972,8570000.0,9.12,0.053000000000000005,286.0
286,0.0,2.9598158108624983,67.70669624196972,10300000.0,7.07,0.040999999999999995,287.0
287,0.0,2.9608805459934984,67.70669624196972,13040000.0,6.5,0.004,288.0
288,0.0,2.96264880952381,67.70669624196972,11980000.0,5.43,0.001,289.0
289,0.0,2.9633007028112455,67.70669624196972,10620000.0,5.58,0.007000000000000001,290.0
290,0.0,2.964091724039014,67.70669624196972,11150000.0,5.12,0.008,291.0
291,0.0,2.9646127366609303,67.70669624196972,10580000.0,3.51,0.005,292.0
292,0.0,2.9647983601070957,67.70669624196972,11470000.0,3.44,0.008,293.0
293,0.0,2.9650170921782375,67.70669624196972,11660000.0,4.6,0.0,294.0
294,0.0,2.9656861971696316,67.70669624196972,11200000.0,5.23,0.006,295.0
295,0.0,2.9665245505832862,67.70669624196972,2950000.0,6.03,0.05500000000000001,296.0
296,0.0,2.9676323149741832,67.70669624196972,7150000.0,7.72,0.008,297.0
297,0.0,2.969805651176134,67.70669624196972,6250000.0,10.25,0.22400000000000003,298.0
298,0.0,2.9748902753872644,67.70669624196972,8279999.999999999,6.46,0.155,299.0
299,0.0,2.9750570137693644,67.70669624196972,7930000.0,5.01,0.172,300.0
300,0.0,2.975369693057947,67.70669624196972,9970000.0,5.8,0.017,301.0
301,0.0,2.9757279116465876,67.70669624196972,9120000.0,3.44,0.005,302.0
302,0.0,2.975745840504878,67.70669624196972,6960000.0,4.35,0.019,303.0
303,0.0,2.975945926563398,67.70669624196972,9390000.0,0.26,0.049,304.0
304,0.0,2.975945926563398,67.70669624196972,3540000.0,0.64,0.7150000000000001,305.0
305,0.0,2.975945926563398,67.70669624196972,4710000.0,9.83,0.49000000000000005,306.0
306,0.0,2.979002438324729,67.70669624196972,6380000.0,8.41,0.1,307.0
307,0.0,2.9806855995410224,67.70669624196972,10260000.0,6.86,0.040999999999999995,308.0
308,0.0,2.9822497131382684,67.70669624196972,8530000.0,4.94,0.007000000000000001,309.0
309,0.0,2.982736660929433,67.70669624196972,5980000.0,6.3,0.046,310.0
310,0.0,2.984169774335438,67.70669624196972,9370000.0,6.37,0.034,311.0
311,0.0,2.9849385637789263,67.70669624196972,6100000.0,3.71,0.137,312.0
312,0.0,2.9849866131191445,67.70669624196972,8920000.0,5.25,0.353,313.0
313,0.0,2.9852691719257995,67.70669624196972,4800000.0,6.77,0.43200000000000005,314.0
314,0.0,2.986581325301206,67.70669624196972,4139999.9999999995,5.36,0.6769999999999999,315.0
315,0.0,2.986581325301206,67.70669624196972,4920000.0,8.18,0.277,316.0
316,0.0,2.990266542359917,67.70669624196972,2600000.0,5.86,0.261,317.0
317,0.0,2.990266542359917,67.70669624196972,8850000.0,3.67,0.008,318.0
318,0.0,2.990432802639129,67.70669624196972,7490000.0,0.79,0.014000000000000002,319.0
319,0.0,2.990432802639129,67.70669624196972,5450000.0,0.9,0.179,320.0
320,0.0,2.990432802639129,67.70669624196972,4600000.0,1.58,0.16999999999999998,321.0
321,0.0,2.990432802639129,67.70669624196972,5990000.0,5.34,0.091,322.0
322,0.0,2.991180077452669,67.70669624196972,6120000.0,3.38,0.10300000000000001,323.0
323,0.0,2.991180077452669,67.70669624196972,4019999.9999999995,2.87,0.8019999999999999,324.0
324,0.0,2.991180077452669,67.70669624196972,8010000.0,2.28,0.004,325.0
325,0.0,2.991224541021229,67.70669624196972,4860000.0,-0.67,0.06999999999999999,326.0
326,0.0,2.991224541021229,67.70669624196972,1610000.0,2.5,0.721,327.0
327,0.0,2.991487378083765,67.70669624196972,3780000.0,1.62,0.05600000000000001,328.0
328,0.0,2.991487378083765,67.70669624196972,2860000.0,0.73,0.086,329.0
329,0.0,2.991487378083765,67.70669624196972,6070000.0,-0.51,0.06,330.0
330,0.0,2.991487378083765,67.70669624196972,1530000.0,3.56,1.15,331.0
331,0.0,2.991487378083765,67.70669624196972,4300000.0,4.36,0.06899999999999999,332.0
332,0.0,2.991487378083765,67.70669624196972,3830000.0,3.15,0.24500000000000002,333.0
333,0.0,2.991487378083765,67.70669624196972,4700000.0,1.87,0.1,334.0
334,0.0,2.991487378083765,67.70669624196972,6810000.0,-0.31,0.004,335.0
335,0.0,-0.1,4.11,6380000.0,-3.73,0.002,336.0
336,0.0,-0.1,4.11,6380000.0,-6.35,0.001,337.0
337,0.0,-0.1,4.11,4400000.0,-7.28,0.001,338.0
338,0.0,-0.1,4.11,5520000.0,-7.53,0.003,339.0
339,0.0,-0.1,4.11,4850000.0,-7.3,0.007000000000000001,340.0
340,0.0,-0.1,4.11,3840000.0,-2.17,0.011,341.0
341,0.0,-0.1,4.11,4590000.0,0.81,0.133,342.0
342,0.0,-0.1,4.11,4019999.9999999995,1.02,0.45,343.0
343,0.0,-0.1,4.11,5760000.0,1.2,0.118,344.0
344,0.0,-0.1,4.11,5900000.0,-1.47,0.135,345.0
345,0.0,-0.1,4.11,2350000.0,-0.23,0.16599999999999998,346.0
346,0.0,-0.1,4.11,3470000.0,-0.48,0.007000000000000001,347.0
347,0.0,-0.1,4.11,3100000.0,2.4,0.066,348.0
348,0.0,-0.1,4.11,4810000.0,-0.67,0.01,349.0
349,0.0,-0.1,4.11,5160000.0,-7.38,0.049,350.0
350,0.0,-0.1,4.11,3210000.0,-8.06,0.154,351.0
351,0.0,-0.1,4.11,5780000.0,-13.12,0.001,352.0
352,0.0,-0.1,4.11,4350000.0,-13.17,0.032,353.0
353,0.0,-0.1,4.11,2840000.0,-8.05,0.12,354.0
354,0.0,-0.1,4.11,2970000.0,-2.79,0.03,355.0
355,0.0,-0.1,4.11,4580000.0,3.14,0.024,356.0
356,0.0,-0.1,4.11,5770000.0,2.76,0.016,357.0
357,0.0,-0.1,4.11,5780000.0,-0.37,0.01,358.0
358,0.0,-0.1,4.11,3590000.0,-0.93,0.031,359.0
359,0.0,-0.1,4.11,3720000.0,0.78,0.024,360.0
360,0.0,-0.1,4.11,3760000.0,0.52,0.125,361.0
361,0.0,-0.1,4.11,6380000.0,-0.64,0.036,362.0
362,0.0,-0.1,4.11,2880000.0,1.56,0.24,363.0
363,0.0,-0.1,4.11,2630000.0,1.21,0.012,364.0
364,0.0,-0.1,4.11,5510000.0,-6.41,0.006,365.0
365,0.0,-0.1,4.11,2700000.0,-0.28,0.022,366.0
366,0.0,-0.1,4.11,3560000.0,-0.23,0.005,367.0
367,0.0,-0.1,4.11,2220000.0,-0.08,0.004,368.0
368,0.0,-0.1,4.11,4470000.0,1.67,0.01,369.0
369,0.0,-0.1,4.11,6930000.0,3.19,0.002,370.0
370,0.0,-0.1,4.11,7330000.0,-0.1,0.004,371.0
371,0.0,-0.1,4.11,4960000.0,-1.94,0.01,372.0
372,0.0,-0.1,4.11,2880000.0,-0.82,0.028999999999999998,373.0
373,0.0,-0.1,4.11,4910000.0,-0.32,0.008,374.0
374,0.0,-0.1,4.11,4270000.0,1.76,0.020999999999999998,375.0
375,0.0,-0.1,4.11,1870000.0,-0.66,0.366,376.0
376,0.0,-0.1,4.11,3820000.0,0.94,0.095,377.0
377,0.0,-0.1,4.11,2650000.0,0.63,0.294,378.0
378,0.0,-0.1,4.11,4770000.0,0.91,0.12,379.0
379,0.0,-0.1,4.11,5810000.0,-1.77,0.023,380.0
380,0.0,-0.1,4.11,3230000.0,-5.03,0.006,381.0
381,0.0,-0.1,4.11,2500000.0,-5.19,0.02,382.0
382,0.0,-0.1,4.11,3740000.0,-3.6,0.13899999999999998,383.0
383,0.0,-0.1,4.11,1300000.0,-0.5,0.319,384.0
384,0.0,-0.1,4.11,3260000.0,-2.2,0.02,385.0
385,0.0,-0.1,4.11,2480000.0,0.02,0.056999999999999995,386.0
386,0.0,-0.1,4.11,3680000.0,-0.59,0.022,387.0
387,0.0,-0.1,4.11,4070000.0000000005,-1.48,0.028999999999999998,388.0
388,0.0,-0.1,4.11,2910000.0,-1.9,0.089,389.0
389,0.0,-0.1,4.11,5570000.0,-0.51,0.003,390.0
390,0.0,-0.1,4.11,5970000.0,-1.13,0.003,391.0
391,0.0,-0.1,4.11,3550000.0,-2.88,0.009,392.0
392,0.0,-0.1,4.11,2089999.9999999998,-3.65,0.019,393.0
393,0.0,-0.1,4.11,7300000.0,-0.07,0.04,394.0
394,0.0,-0.1,4.11,3330000.0,1.33,0.01,395.0
395,0.0,-0.1,4.11,7650000.0,2.0,0.005,396.0
396,0.0,-0.1,4.11,5010000.0,1.55,0.002,397.0
397,0.0,-0.1,4.11,8080000.0,3.34,0.081,398.0
398,0.0,-0.1,4.11,6540000.0,2.92,0.081,399.0
399,0.0,-0.1,4.11,4320000.0,5.35,0.19,400.0
400,0.0,-0.1,4.11,8770000.0,3.34,0.004,401.0
401,0.0,-0.1,4.11,7340000.0,-0.88,0.034,402.0
402,0.0,-0.1,4.11,11370000.0,-1.7,0.0,403.0
403,0.0,-0.1,4.11,6940000.0,-0.84,0.157,404.0
404,0.0,-0.1,4.11,2850000.0,-2.38,0.147,405.0
405,0.0,-0.1,4.11,4030000.0000000005,-3.71,0.086,406.0
406,0.0,-0.1,4.11,7600000.0,-1.88,0.005,407.0
407,0.0,-0.1,4.11,9420000.0,0.21,0.011,408.0
408,0.0,-0.1,4.11,10940000.0,0.74,0.003,409.0
409,0.0,-0.1,4.11,10090000.0,1.89,0.004,410.0
410,0.0,-0.09974143302180685,4.11,8500000.0,2.0,0.09,411.0
411,0.0,-0.09974143302180685,4.11,3850000.0,-2.31,0.02,412.0
412,0.0,-0.09974143302180685,4.11,4980000.0,-1.09,0.018,413.0
413,0.0,-0.09971534267912772,4.11,11440000.0,1.7,0.01,414.0
414,0.0,-0.09969704049844237,4.11,8910000.0,1.2,0.05,415.0
415,0.0,-0.0996927570093458,4.11,7390000.0,1.54,0.11499999999999999,416.0
416,0.0,-0.09956983385254413,4.11,7100000.0,2.37,0.254,417.0
417,0.0,-0.09941407061266874,4.11,5350000.0,2.93,0.047,418.0
418,0.0,-0.09842601246105918,4.11,8940000.0,3.58,0.0,419.0
419,0.0,-0.09712889408099688,4.11,14150000.0,3.94,0.001,420.0
420,0.0,-0.09687032710280373,4.11,14270000.0,2.73,0.0,421.0
421,0.0,-0.09684657320872274,4.11,15130000.0,1.83,0.001,422.0
422,0.0,-0.09684657320872274,4.11,15310000.0,1.55,0.0,423.0
423,0.0,-0.09617445482866044,4.11,15190000.0,3.58,0.003,424.0
424,0.0,-0.09483605919003116,4.11,7960000.0,3.1,0.11599999999999999,425.0
425,0.0,-0.09483605919003116,4.11,13660000.0,3.33,0.041999999999999996,426.0
426,0.0,-0.09481464174454829,4.11,10860000.0,1.4,0.023,427.0
427,0.0,-0.094773753894081,4.11,8710000.0,4.46,0.08499999999999999,428.0
428,0.0,-0.094773753894081,4.11,13420000.0,7.15,0.006,429.0
429,0.0,-0.094773753894081,4.11,15500000.0,7.32,0.001,430.0
430,0.0,-0.094773753894081,4.11,16190000.000000002,7.87,0.012,431.0
431,0.0,-0.09475817757009347,4.11,7420000.0,7.97,0.472,432.0
432,0.0,-0.094416277258567,4.11,12420000.0,5.73,0.012,433.0
433,0.0,-0.09388979750778818,4.11,15320000.0,5.55,0.002,434.0
434,0.0,-0.09321962616822432,4.11,14440000.0,5.68,0.001,435.0
435,0.0,-0.09200363447559712,4.11,13100000.0,8.09,0.003,436.0
436,0.0,-0.0913688992731049,4.11,16540000.0,7.9,0.008,437.0
437,0.0,-0.09032009345794395,4.11,18350000.0,6.46,0.02,438.0
438,0.0,-0.0881380451713396,4.11,7060000.0,4.15,0.308,439.0
439,0.0,-0.08678251557632402,4.11,13510000.0,3.95,0.004,440.0
440,0.0,-0.0855939122533749,4.11,13280000.0,5.8,0.08199999999999999,441.0
441,0.0,-0.08324656022845278,4.11,6480000.0,9.98,0.272,442.0
442,0.0,-0.08087000259605402,4.11,18080000.0,7.95,0.005,443.0
443,0.0,-0.07931762720664592,4.11,20110000.0,6.89,0.0,444.0
444,0.0,-0.07836708203530636,4.11,20340000.0,7.38,0.002,445.0
445,0.0,-0.07833755192107998,4.11,20210000.0,10.45,0.003,446.0
446,0.0,-0.07823474818276223,4.11,18120000.0,10.95,0.002,447.0
447,0.0,-0.07718548805815163,4.11,13800000.0,10.38,0.065,448.0
448,0.0,-0.07718548805815163,4.11,13010000.0,10.56,0.309,449.0
449,0.0,-0.07718548805815163,4.11,17190000.0,6.36,0.078,450.0
450,0.0,-0.07718548805815163,4.11,8470000.0,4.97,0.27799999999999997,451.0
451,0.0,-0.07718548805815163,4.11,8359999.999999999,8.22,0.04,452.0
452,0.0,-0.07713772066458985,4.11,12980000.0,7.3,0.003,453.0
453,0.0,-0.07713772066458985,4.11,17900000.0,9.96,0.003,454.0
454,0.0,-0.07636812045690552,4.11,7960000.0,8.8,0.182,455.0
455,0.0,-0.07439460020768435,4.11,17930000.0,6.92,0.023,456.0
456,0.0,-0.07001882139148496,4.11,7290000.0,4.6,0.137,457.0
457,0.0,-0.06611072170301144,4.11,10960000.0,4.76,0.025,458.0
458,0.0,-0.0644667705088266,4.11,19110000.0,5.1,0.047,459.0
459,0.0,-0.062083722741433034,4.11,16940000.0,6.98,0.075,460.0
460,0.0,-0.05849961059190032,4.11,15550000.0,5.29,0.022,461.0
461,0.0,-0.05459813084112151,4.11,12470000.0,5.33,0.018,462.0
462,0.0,-0.05091705607476637,4.11,19920000.0,4.99,0.016,463.0
463,0.0,-0.04467705088265837,4.11,23320000.0,6.45,0.099,464.0
464,0.0,-0.03687759605399794,4.11,12480000.0,5.57,0.869,465.0
465,0.0,-0.029573857736240924,4.11,9410000.0,5.35,0.308,466.0
466,0.0,-0.025242471443406033,4.11,17610000.0,6.09,0.002,467.0
467,0.0,-0.020377985462097622,4.11,16680000.0,5.59,0.006,468.0
468,0.0,-0.013433865524402917,4.11,22330000.0,6.12,0.002,469.0
469,0.0,-0.006318211318795438,4.11,21410000.0,9.52,0.002,470.0
470,0.0,-0.0010892393561786132,4.11,21840000.0,11.8,0.01,471.0
471,0.0,0.0,4.11,19520000.0,11.59,0.075,472.0
472,0.0,0.011196437468858992,4.11,10570000.0,9.08,0.313,473.0
473,0.0,0.013001370204285002,4.1063421,22350000.0,9.66,0.011,474.0
474,0.0,0.013234304932735426,3.947303470467,19010000.0,10.4,0.031,475.0
475,0.0,0.013536684105630295,3.715596756750587,24480000.0,11.34,0.032,476.0
476,0.0,0.014200610363726955,3.455133424102371,20220000.0,9.14,0.031,477.0
477,0.0,0.015368398106626808,3.4042738600995843,14940000.0,10.87,0.011,478.0
478,0.0,0.01669500498256104,3.3641715140276114,25010000.0,16.1,0.005,479.0
479,0.0,0.01935569257598406,3.345147124115785,24540000.0,18.77,0.006,480.0
480,0.0,0.02465744892874938,3.343307293197521,20440000.0,19.3,0.094,481.0
481,0.0,0.029244519182859995,3.343307293197521,21480000.0,15.25,0.159,482.0
482,0.0,0.05877366716492277,3.343307293197521,19950000.0,9.96,0.472,483.0
483,0.0,0.07657137518684604,3.343307293197521,13670000.0,9.78,0.041999999999999996,484.0
484,0.0,0.095902466367713,3.343307293197521,10360000.0,10.67,0.296,485.0
485,0.0,0.12524103139013454,3.343307293197521,23990000.0,8.75,0.022,486.0
486,0.0,0.16775224215246637,3.343307293197521,26630000.0,10.6,0.003,487.0
487,0.0,0.2049943946188341,3.343307293197521,26480000.0,13.68,0.0,488.0
488,0.0,0.2110939835575486,3.343307293197521,22740000.0,15.77,0.002,489.0
489,0.0,0.2164882286995516,3.343307293197521,25960000.0,10.94,0.006,490.0
490,0.0,0.22463191330343799,3.343307293197521,28120000.0,10.91,0.001,491.0
491,0.0,0.24135556801195818,3.343307293197521,24290000.0,18.55,0.002,492.0
492,0.0,0.2618834080717489,3.343307293197521,22630000.0,17.03,0.002,493.0
493,0.0,0.27597813901345297,3.343307293197521,26920000.0,14.68,0.0,494.0
494,0.0,0.2928596786248132,3.343307293197521,28430000.0,15.51,0.0,495.0
495,0.0,0.30249906576980573,3.343307293197521,26010000.0,19.05,0.0,496.0
496,0.0,0.3098738789237669,3.3426386317388816,22170000.0,20.65,0.005,497.0
497,0.0,0.3232676258096662,3.3426386317388816,20060000.0,16.0,0.004,498.0
498,0.0,0.34691018933731943,3.3426386317388816,7270000.0,11.92,0.42000000000000004,499.0
499,0.0,0.36493709516691586,3.3426386317388816,20450000.0,13.22,0.05600000000000001,500.0
500,0.0,0.3984824987543598,3.3426386317388816,27240000.0,12.3,0.006,501.0
501,0.0,0.447195129546587,3.3426386317388816,15090000.0,11.88,0.002,502.0
502,0.0,0.5008106003986049,3.3426386317388816,28510000.0,14.24,0.001,503.0
503,0.0,0.550557735426009,3.3426386317388816,24330000.0,15.06,0.002,504.0
504,0.0,0.5959351644245143,3.3426386317388816,30120000.0,14.46,0.0,505.0
505,0.0,0.6376167787742901,3.3426386317388816,30350000.0,18.62,0.001,506.0
506,0.0,0.6822085201793724,3.3426386317388816,30720000.0,23.9,0.001,507.0
507,0.0,0.7397402840059792,3.3426386317388816,30100000.0,26.26,0.003,508.0
508,0.0,0.8032838191330346,3.3426386317388816,28990000.0,23.79,0.005,509.0
509,0.0,0.8530652092675637,3.3426386317388816,30390000.0,23.05,0.0,510.0
510,0.0,0.8965573617339314,3.3426386317388816,29510000.0,24.35,0.0,511.0
511,0.0,0.9379923393124068,3.3426386317388816,18800000.0,20.33,0.044,512.0
512,0.0,0.9752569133034381,3.3426386317388816,27440000.0,13.87,0.004,513.0
513,0.0,0.9951448056801198,3.3426386317388816,30980000.0,13.44,0.0,514.0
514,0.0,1.0,3.3426386317388816,26350000.0,18.63,0.0,515.0
515,0.0,1.0092058674759736,3.3426386317388816,30810000.0,21.51,0.0,516.0
516,0.0,1.0231322711178552,3.3426386317388816,19460000.0,17.65,0.062,517.0
517,0.0,1.0311823469903894,3.3426386317388816,22490000.0,12.75,0.045,518.0
518,0.0,1.042224329792615,3.3426386317388816,22770000.0,13.69,0.004,519.0
519,0.0,1.0563789833080424,3.3426386317388816,26730000.0,15.11,0.004,520.0
520,0.0,1.0695656297420333,3.3426386317388816,12160000.0,13.04,0.183,521.0
521,0.0,1.0809540971168436,3.3426386317388816,28430000.0,16.53,0.004,522.0
522,0.0,1.0929950682852807,3.3426386317388816,27550000.0,20.72,0.014000000000000002,523.0
523,0.0,1.1044821699544765,3.3426386317388816,22740000.0,21.65,0.018,524.0
524,0.0,1.1149310824481538,3.3426386317388816,24580000.0,16.79,0.024,525.0
525,0.0,1.1269897572078906,3.3426386317388816,22610000.0,15.3,0.013000000000000001,526.0
526,0.0,1.1422171640532792,3.3426386317388816,14360000.0,13.71,0.16999999999999998,527.0
527,0.0,1.1609867644579328,3.3426386317388816,15650000.0,10.62,0.23399999999999999,528.0
528,0.0,1.1801499536334512,3.3426386317388816,30070000.0,16.23,0.0,529.0
529,0.0,1.196617560276513,3.3426386317388816,26880000.0,17.09,0.007000000000000001,530.0
530,0.0,1.215167130332153,3.3426386317388816,31890000.0,16.78,0.003,531.0
531,0.0,1.2315723528915865,3.3474070692405515,31910000.0,17.44,0.0,532.0
532,0.0,1.2461125864103861,3.360242728701024,20110000.0,16.4,0.001,533.0
533,0.0,1.264809264879447,3.3636251671795163,31900000.0,17.59,0.0,534.0
534,0.0,1.2863241864778283,3.3636251671795163,31700000.0,21.21,0.001,535.0
535,0.0,1.3097877676614398,3.3636251671795163,30680000.0,24.49,0.0,536.0
536,0.0,1.3290587590625527,3.384828278868917,31000000.0,25.87,0.001,537.0
537,0.0,1.3473124262350362,3.41390547123117,27470000.0,21.85,0.001,538.0
538,0.0,1.3641425349856684,3.457063995013922,22030000.0,17.66,0.007000000000000001,539.0
539,0.0,1.3757737944697352,3.5172545319238178,13390000.0,14.17,0.081,540.0
540,0.0,1.3865717206204686,3.588084231433174,27180000.0,15.08,0.014000000000000002,541.0
541,0.0,1.4013137540043836,3.6597907357508435,21550000.0,20.15,0.429,542.0
542,0.0,1.420512034226943,3.723457169178523,15800000.0,19.77,0.399,543.0
543,0.0,1.4386381933906591,3.797864329058795,23820000.0,18.7,0.01,544.0
544,0.0,1.4555052900016858,3.8896243066169873,31040000.0,20.21,0.0,545.0
545,0.0,1.4707025585904567,3.9966898575202334,23900000.0,22.37,0.001,546.0
546,0.0,1.4877008514584384,4.1151090716560095,31420000.0,20.9,0.0,547.0
547,0.0,1.506814196594166,4.23880642971752,31970000.0,23.44,0.001,548.0
548,0.0,1.5300005268925978,4.352145805431014,28500000.0,25.87,0.0,549.0
549,0.0,1.5528245658404987,4.510193277438224,27930000.0,28.36,0.001,550.0
550,0.0,1.5747995700556394,4.730535997250491,28930000.0,23.02,0.027000000000000003,551.0
551,0.0,1.5943117728882141,5.034010068134235,29070000.0,21.94,0.0,552.0
552,0.0,1.6140875273984148,5.433358776445866,30870000.0,23.72,0.023,553.0
553,0.0,1.6366656128814698,5.841050809036935,30690000.0,25.41,0.0,554.0
554,0.0,1.6602240347327597,6.348013920092632,30090000.0,26.83,0.001,555.0
555,0.0,1.6843755268925977,6.959670606387272,26850000.0,27.48,0.019,556.0
556,0.0,1.7069548769178886,7.783177253211743,18060000.0,25.08,0.018,557.0
557,0.0,1.7295389689765635,8.834237725248018,27500000.0,25.78,0.119,558.0
558,0.0,1.751848023098971,10.102397868136268,30010000.0,25.05,0.0,559.0
559,0.0,1.7721108371269596,11.877349693646687,29830000.0,23.13,0.001,560.0
560,0.0,1.7934572584724326,14.085371850986148,25850000.0,18.8,0.008,561.0
561,0.0,1.8164295649974707,16.75827769277962,24330000.0,17.24,0.005,562.0
562,0.0,1.8376836747597367,20.073566322622327,21800000.0,17.05,0.004,563.0
563,0.0,1.8588771918732083,24.390011882061604,26510000.0,18.44,0.006,564.0
564,0.0,1.881382250042151,29.35567318699637,27250000.0,20.12,0.012,565.0
565,0.0,1.9054085525206539,35.325835836597946,19280000.0,18.62,0.144,566.0
566,0.0,1.9297275965267238,42.19608134267668,25190000.0,20.63,0.014000000000000002,567.0
567,0.0,1.9532571446636315,50.229802791807096,28410000.0,22.71,0.0,568.0
568,0.0,1.9774145380205697,59.62795216043991,28180000.0,24.62,0.0,569.0
569,0.0,2.0,71.11287180608227,28880000.0,24.59,0.001,570.0
570,0.0,2.0244072719449226,86.0383430758495,29410000.0,23.54,0.003,571.0
571,0.0,2.048465648307516,103.06161973513345,29220000.0,24.01,0.0,572.0
572,0.0,2.0733164802065405,122.77066185190083,29060000.0,22.39,0.0,573.0
573,0.0,2.0994370338496844,145.40279192066194,23310000.0,19.24,0.047,574.0
574,0.0,2.1268244406196213,171.65690312786276,18980000.0,16.53,0.063,575.0
575,0.0,2.153997418244406,202.2803276901377,19770000.0,19.73,0.034999999999999996,576.0
576,0.0,2.1767957544463568,236.53793848907603,28320000.0,19.06,0.0,577.0
577,0.0,2.1938611589213997,281.2812623623113,21940000.0,21.19,0.0,578.0
578,0.0,2.2103585771658056,336.74103737294257,28020000.0,23.12,0.0,579.0
579,0.0,2.2321320998278824,393.0121011783345,26150000.0,22.77,0.018,580.0
580,0.0,2.254854656722126,454.2033030879074,17340000.0,20.15,0.184,581.0
581,0.0,2.2794226907630515,520.0474511472542,27140000.0,23.23,0.0,582.0
582,0.0,2.3004661503155472,589.8915024016213,27240000.0,25.73,0.001,583.0
583,0.0,2.3226491681009747,661.1917589490306,27790000.0,25.14,0.0,584.0
584,0.0,2.3391896156052776,745.145758698297,28050000.0,24.78,0.0,585.0
585,0.0,2.355489099254159,833.8477047380903,27750000.0,26.2,0.0,586.0
586,0.0,2.373671232549244,923.2044460617097,27450000.0,28.61,0.0,587.0
587,0.0,2.3908140896921015,1013.8405434736779,26480000.0,26.53,0.0,588.0
588,0.0,2.410933495888315,1106.2847624132935,24210000.0,28.82,0.001,589.0
589,0.0,2.432826066169439,1198.629277600398,20340000.0,29.8,0.0,590.0
590,0.0,2.453873470070759,1282.5633148857985,22020000.0,28.38,0.0,591.0
591,0.0,2.476761689615605,1368.0155295665706,21730000.0,28.67,0.0,592.0
592,0.0,2.499849756167527,1448.1103075461633,21630000.0,25.57,0.0,593.0
593,0.0,2.520509896729776,1525.184499457779,22920000.0,23.94,0.0,594.0
594,0.0,2.5436448173646964,1592.4293024000035,25750000.0,20.07,0.001,595.0
595,0.0,2.567458285523044,1644.2544896367137,25550000.0,19.55,0.0,596.0
596,0.0,2.586107166762287,1691.8999396728896,25390000.0,20.56,0.0,597.0
597,0.0,2.60212265729585,1725.2594904008881,21240000.0,20.45,0.008,598.0
598,0.0,2.6171398689998084,1772.7462217275945,14430000.0,19.77,0.308,599.0
599,0.0,2.6355841222030976,1807.5593152197941,16719999.999999998,18.05,0.122,600.0
600,0.0,2.6577685742971884,1825.582786730803,24710000.0,19.18,0.0,601.0
601,0.0,2.6816347532989098,1831.2167750928922,23890000.0,20.96,0.0,602.0
602,0.0,2.7072264056224897,1821.8256039861699,24630000.0,23.19,0.001,603.0
603,0.0,2.732687894434882,1807.9410483033273,24040000.0,23.51,0.0,604.0
604,0.0,2.756521323388793,1783.8951839101499,21890000.0,23.78,0.0,605.0
605,0.0,2.7758722987186837,1735.0034845393498,23480000.0,24.65,0.0,606.0
606,0.0,2.797079269458787,1624.369871669813,22910000.0,24.96,0.0,607.0
607,0.0,2.81309475999235,1464.5309611468072,22210000.0,22.41,0.0,608.0
608,0.0,2.827724708357238,1288.5153459999333,19120000.0,20.15,0.0,609.0
609,0.0,2.8425611971696307,1089.9686553699432,21850000.0,19.59,0.0,610.0
610,0.0,2.8571825396825394,912.3032620212908,22150000.0,20.33,0.0,611.0
611,0.0,2.875323197552113,732.1801204433883,22100000.0,20.65,0.002,612.0
612,0.0,2.894961393191815,563.9554634231635,21760000.0,15.99,0.004,613.0
613,0.0,2.912198914706445,417.9642466872484,20270000.0,16.78,0.001,614.0
614,0.0,2.9240491728820044,294.9513012370178,22570000.0,17.22,0.001,615.0
615,0.0,2.933460389175751,204.93854293793743,22360000.0,18.48,0.0,616.0
616,0.0,2.9456893048384014,136.54182311106715,21400000.0,19.93,0.0,617.0
617,0.0,2.9569629709313445,89.99005166940394,20320000.0,20.75,0.0,618.0
618,0.0,2.9681591843564736,59.182038957616676,21240000.0,22.23,0.0,619.0
619,0.0,2.9778063444253204,36.352642436032376,19300000.0,23.69,0.002,620.0
620,0.0,2.9883140896921017,22.067784062759483,19310000.0,23.69,0.0,621.0
621,0.0,3.000663487282463,22.067784062759483,19750000.0,24.95,0.0,622.0
622,0.0,3.0092090982979536,22.067784062759483,19240000.0,24.78,0.003,623.0
623,0.0,3.0191488573340983,22.067784062759483,17300000.0,22.42,0.003,624.0
624,0.0,3.0276944683495888,22.067784062759483,18890000.0,20.9,0.0,625.0
625,0.0,3.0346924603174603,22.067784062759483,19180000.0,18.79,0.0,626.0
626,0.0,3.0423272853318033,22.067784062759483,19070000.0,17.02,0.0,627.0
627,0.0,3.05081337253777,22.067784062759483,19200000.0,19.0,0.0,628.0
628,0.0,3.061551324344999,22.067784062759483,15880000.0,19.77,0.0,629.0
629,0.0,3.074554766685791,22.067784062759483,18560000.0,20.36,0.0,630.0
630,0.0,3.082283180340409,22.067784062759483,16680000.0,20.23,0.001,631.0
631,0.0,3.0918740437942245,22.067784062759483,16719999.999999998,22.0,0.001,632.0
632,0.0,3.106521203863071,22.067784062759483,7640000.0,16.71,0.176,633.0
633,0.0,3.1172953719640466,22.067784062759483,10710000.0,14.85,0.064,634.0
634,0.0,3.133773785618665,22.067784062759483,11570000.0,11.55,0.006,635.0
635,0.0,3.142690284949321,22.067784062759483,17630000.0,13.65,0.002,636.0
636,0.0,3.1463284088735897,22.067784062759483,17500000.0,16.06,0.001,637.0
637,0.0,3.1503591747944157,22.067784062759483,17570000.0,15.46,0.0,638.0
638,0.0,3.156571882769172,22.067784062759483,17040000.0,17.65,0.001,639.0
639,0.0,3.1706697026200037,22.067784062759483,16440000.000000002,17.79,0.0,640.0
640,0.0,3.1834493928093326,22.067784062759483,16790000.0,15.36,0.0,641.0
641,0.0,3.1924288821954483,22.067784062759483,17280000.0,13.88,0.0,642.0
642,0.0,3.2000655000956204,22.067784062759483,16820000.0,12.01,0.0,643.0
643,0.0,3.2110934213042643,22.067784062759483,13240000.0,12.9,0.005,644.0
644,0.0,3.2211801969783895,22.067784062759483,6850000.0,11.65,0.05,645.0
645,0.0,3.2214591700133868,22.067784062759483,11480000.0,11.39,0.052000000000000005,646.0
646,0.0,3.2214986135016255,22.067784062759483,13890000.0,10.33,0.06899999999999999,647.0
647,0.0,3.2221038917575062,22.067784062759483,4740000.0,9.89,0.40199999999999997,648.0
648,0.0,3.2265693727290112,22.067784062759483,13720000.0,10.3,0.019,649.0
649,0.0,3.2302576974564925,22.067784062759483,8670000.0,11.33,0.007000000000000001,650.0
650,0.0,3.2338893669917765,22.067784062759483,13550000.0,12.19,0.001,651.0
651,0.0,3.23821022183974,22.067784062759483,12600000.0,13.3,0.006,652.0
652,0.0,3.2456442436412316,22.067784062759483,12650000.0,9.02,0.0,653.0
653,0.0,3.2564531937272903,22.067784062759483,9820000.0,11.74,0.003,654.0
654,0.0,3.262732597054886,22.067784062759483,14110000.0,8.46,0.0,655.0
655,0.0,3.268385924650985,22.067784062759483,10680000.0,10.75,0.0,656.0
656,0.0,3.2745218971122587,22.067784062759483,7490000.0,12.11,0.001,657.0
657,0.0,3.2790546710652135,22.067784062759483,13140000.0,9.02,0.01,658.0
658,0.0,3.286751649454963,22.067784062759483,3420000.0,8.75,0.156,659.0
659,0.0,3.2893764343086636,22.067784062759483,5120000.0,10.73,0.16399999999999998,660.0
660,0.0,3.2926896873207117,22.067784062759483,11390000.0,8.38,0.018,661.0
661,0.0,3.2973329030407346,22.067784062759483,7540000.0,7.55,0.020999999999999998,662.0
662,0.0,3.3040583763625935,22.067784062759483,10260000.0,9.51,0.038,663.0
663,0.0,3.307172738573341,22.067784062759483,9630000.0,10.15,0.001,664.0
664,0.0,3.3137476094855614,22.067784062759483,3340000.0,9.54,0.13899999999999998,665.0
665,0.0,3.321779379422452,22.067784062759483,11370000.0,4.99,0.064,666.0
666,0.0,3.32214118378275,22.067784062759483,3640000.0,3.33,0.158,667.0
667,0.0,3.3225944253203292,22.067784062759483,4000000.0,6.94,0.651,668.0
668,0.0,3.3240514438707214,22.067784062759483,6100000.0,9.58,0.039,669.0
669,0.0,3.3240514438707214,22.067784062759483,6900000.0,8.86,0.096,670.0
670,0.0,3.326763004398547,22.067784062759483,9050000.0,11.92,0.007000000000000001,671.0
671,0.0,3.3321674794415763,22.067784062759483,9370000.0,8.95,0.0,672.0
672,0.0,3.3399299579269464,22.067784062759483,6240000.0,9.01,0.003,673.0
673,0.0,3.340263434691146,22.067784062759483,5310000.0,8.26,0.027000000000000003,674.0
674,0.0,3.340263434691146,22.067784062759483,3510000.0,4.92,0.017,675.0
675,0.0,3.341158921399886,22.067784062759483,9950000.0,3.83,0.0,676.0
676,0.0,3.3424653375406392,22.067784062759483,7890000.0,2.63,0.003,677.0
677,0.0,3.3424653375406392,22.067784062759483,6560000.0,2.44,0.003,678.0
678,0.0,3.3424653375406392,22.067784062759483,5310000.0,3.95,0.002,679.0
679,0.0,3.3424653375406392,22.067784062759483,4900000.0,3.93,0.007000000000000001,680.0
680,0.0,3.3424653375406392,22.067784062759483,4970000.0,6.05,0.04,681.0
681,0.0,3.3424653375406392,22.067784062759483,5930000.0,9.29,0.141,682.0
682,0.0,3.3424653375406392,22.067784062759483,2920000.0,13.51,0.061,683.0
683,0.0,3.3424653375406392,22.067784062759483,3130000.0,10.71,0.227,684.0
684,0.0,3.3424653375406392,22.067784062759483,2830000.0,8.11,0.994,685.0
685,0.0,3.3424653375406392,22.067784062759483,6590000.0,6.8,0.033,686.0
686,0.0,3.3424653375406392,22.067784062759483,6250000.0,2.83,0.032,687.0
687,0.0,3.3424653375406392,22.067784062759483,3070000.0,4.21,0.337,688.0
688,0.0,3.3424653375406392,22.067784062759483,3840000.0,7.87,0.34900000000000003,689.0
689,0.0,3.3424653375406392,22.067784062759483,6400000.0,5.96,0.274,690.0
690,0.0,3.3424653375406392,22.067784062759483,4000000.0,6.7,0.13799999999999998,691.0
691,0.0,3.3424653375406392,22.067784062759483,7360000.0,5.33,0.025,692.0
692,0.0,-0.1,4.11,4560000.0,3.36,0.158,693.0
693,0.0,-0.1,4.11,3320000.0,3.4,0.119,694.0
694,0.0,-0.1,4.11,6750000.0,1.62,0.008,695.0
695,0.0,-0.1,4.11,5110000.0,0.8,0.005,696.0
696,0.0,-0.1,4.11,1040000.0,2.36,0.9029999999999999,697.0
697,0.0,-0.1,4.11,3060000.0,3.76,0.06899999999999999,698.0
698,0.0,-0.1,4.11,2069999.9999999998,3.79,0.123,699.0
699,0.0,-0.1,4.11,4750000.0,7.15,0.195,700.0
700,0.0,-0.1,4.11,2510000.0,2.94,0.28700000000000003,701.0
701,0.0,-0.1,4.11,5520000.0,2.16,0.031,702.0
702,0.0,-0.1,4.11,4490000.0,2.33,0.158,703.0
703,0.0,-0.1,4.11,5410000.0,2.23,0.281,704.0
704,0.0,-0.1,4.11,3450000.0,4.29,0.075,705.0
705,0.0,-0.1,4.11,5690000.0,2.48,0.005,706.0
706,0.0,-0.1,4.11,3680000.0,2.39,0.013000000000000001,707.0
707,0.0,-0.1,4.11,6370000.0,1.28,0.009,708.0
708,0.0,-0.1,4.11,2750000.0,0.5,0.292,709.0
709,0.0,-0.1,4.11,2950000.0,-0.25,0.153,710.0
710,0.0,-0.1,4.11,3560000.0,1.15,0.257,711.0
711,0.0,-0.1,4.11,1560000.0,7.58,0.20800000000000002,712.0
712,0.0,-0.1,4.11,5710000.0,3.42,0.024,713.0
713,0.0,-0.1,4.11,3560000.0,2.93,0.057999999999999996,714.0
714,0.0,-0.1,4.11,1870000.0,8.44,0.05,715.0
715,0.0,-0.1,4.11,5760000.0,2.53,0.028000000000000004,716.0
716,0.0,-0.1,4.11,2180000.0,1.98,0.153,717.0
717,0.0,-0.1,4.11,5480000.0,1.05,0.066,718.0
718,0.0,-0.1,4.11,2680000.0,0.02,0.072,719.0
719,0.0,-0.1,4.11,4220000.0,0.07,0.008,720.0
720,0.0,-0.1,4.11,5070000.0,-1.03,0.014000000000000002,721.0
721,0.0,-0.1,4.11,4230000.0,-0.94,0.005,722.0
722,0.0,-0.1,4.11,4700000.0,-2.77,0.002,723.0
723,0.0,-0.1,4.11,3160000.0,-2.88,0.007000000000000001,724.0
724,0.0,-0.1,4.11,3580000.0,-3.36,0.012,725.0
725,0.0,-0.1,4.11,3580000.0,-2.97,0.26,726.0
726,0.0,-0.1,4.11,2440000.0,-1.22,0.051000000000000004,727.0
727,0.0,-0.1,4.11,2770000.0,-1.31,0.018,728.0
728,0.0,-0.1,4.11,2009999.9999999998,-2.23,0.032,729.0
729,0.0,-0.1,4.11,2400000.0,-1.61,0.10900000000000001,730.0
730,0.0,-0.1,4.11,4510000.0,0.09,0.001,731.0
731,0.0,-0.1,4.11,4700000.0,0.26,0.009,732.0
732,0.0,-0.1,4.11,1480000.0,3.26,0.078,733.0
733,0.0,-0.1,4.11,4330000.0,4.78,0.02,734.0
734,0.0,-0.1,4.11,3250000.0,2.5,0.018,735.0
735,0.0,-0.1,4.11,4770000.0,3.96,0.013000000000000001,736.0
736,0.0,-0.1,4.11,7170000.0,2.12,0.003,737.0
737,0.0,-0.1,4.11,1780000.0,-0.2,0.497,738.0
738,0.0,-0.1,4.11,3100000.0,2.29,0.11200000000000002,739.0
739,0.0,-0.1,4.11,5300000.0,3.8,0.004,740.0
740,0.0,-0.1,4.11,4340000.0,1.71,0.006,741.0
741,0.0,-0.1,4.11,4470000.0,0.12,0.001,742.0
742,0.0,-0.1,4.11,3000000.0,-1.19,0.009,743.0
743,0.0,-0.1,4.11,2340000.0,-2.43,0.001,744.0
744,0.0,-0.1,4.11,2040000.0,-2.73,0.002,745.0
745,0.0,-0.1,4.11,4290000.0,-0.74,0.196,746.0
746,0.0,-0.1,4.11,3140000.0,1.12,0.506,747.0
747,0.0,-0.1,4.11,4340000.0,2.99,0.659,748.0
748,0.0,-0.0980746365524403,4.11,3490000.0,4.09,0.092,749.0
749,0.0,-0.0980746365524403,4.11,1950000.0,0.6,1.49,750.0
750,0.0,-0.0980746365524403,4.11,8199999.999999999,-0.47,0.0,751.0
751,0.0,-0.0980746365524403,4.11,1490000.0,2.0,0.792,752.0
752,0.0,-0.0980746365524403,4.11,6000000.0,6.74,0.01,753.0
753,0.0,-0.0980746365524403,4.11,7590000.0,3.3,0.001,754.0
754,0.0,-0.0980676272066459,4.11,5770000.0,2.07,0.0,755.0
755,0.0,-0.0980676272066459,4.11,4770000.0,2.67,0.005,756.0
756,0.0,-0.0980676272066459,4.11,5040000.0,1.77,0.006,757.0
757,0.0,-0.0980676272066459,4.11,5330000.0,-0.39,0.003,758.0
758,0.0,-0.0980676272066459,4.11,5420000.0,-1.55,0.0,759.0
759,0.0,-0.0980676272066459,4.11,3090000.0,-1.94,0.0,760.0
760,0.0,-0.09739979231568016,4.11,3370000.0,-1.88,0.003,761.0
761,0.0,-0.09739979231568016,4.11,2810000.0,1.39,0.148,762.0
762,0.0,-0.0972986111111111,4.11,6640000.0,4.25,0.16299999999999998,763.0
763,0.0,-0.0972986111111111,4.11,4130000.0,3.18,0.20400000000000001,764.0
764,0.0,-0.09707217030114225,4.11,2780000.0,-3.49,0.655,765.0
765,0.0,-0.0970538681204569,4.11,3510000.0,-4.79,0.054000000000000006,766.0
766,0.0,-0.09704530114226374,4.11,8880000.0,-4.63,0.012,767.0
767,0.0,-0.09704530114226374,4.11,9790000.0,-6.03,0.0,768.0
768,0.0,-0.09704530114226374,4.11,6000000.0,-3.8,0.40499999999999997,769.0
769,0.0,-0.09704530114226374,4.11,3080000.0,-6.02,0.7889999999999999,770.0
770,0.0,-0.09704530114226374,4.11,8109999.999999999,-7.27,0.22400000000000003,771.0
771,0.0,-0.09704530114226374,4.11,1920000.0,-4.52,0.429,772.0
772,0.0,-0.09704530114226374,4.11,4000000.0,1.29,0.196,773.0
773,0.0,-0.09704530114226374,4.11,4170000.0,0.69,0.286,774.0
774,0.0,-0.09704530114226374,4.11,2740000.0,-1.79,0.23500000000000001,775.0
775,0.0,-0.09704530114226374,4.11,5970000.0,0.3,0.122,776.0
776,0.0,-0.09704530114226374,4.11,4500000.0,-0.19,0.128,777.0
777,0.0,-0.09702544132917963,4.11,6860000.0,-0.4,0.15,778.0
778,0.0,-0.09702544132917963,4.11,8660000.0,-1.85,0.0,779.0
779,0.0,-0.09702544132917963,4.11,5480000.0,0.3,0.11200000000000002,780.0
780,0.0,-0.09702544132917963,4.11,8730000.0,-0.55,0.129,781.0
781,0.0,-0.09702544132917963,4.11,11110000.0,-0.51,0.0,782.0
782,0.0,-0.09702544132917963,4.11,7570000.0,-0.0,0.034999999999999996,783.0
783,0.0,-0.09702544132917963,4.11,10920000.0,0.82,0.11599999999999999,784.0
784,0.0,-0.09452466251298025,4.11,4260000.0,-1.74,0.534,785.0
785,0.0,-0.0907916017653167,4.11,3300000.0,-3.86,0.267,786.0
786,0.0,-0.08851667964693663,4.11,13280000.0,-5.59,0.074,787.0
787,0.0,-0.08652978971962615,4.11,5050000.0,-4.27,0.659,788.0
788,0.0,-0.08625817757009344,4.11,12330000.0,-3.18,0.012,789.0
789,0.0,-0.08499902647975076,4.11,7420000.0,-1.59,0.003,790.0
790,0.0,-0.08312363707165107,4.11,6030000.0,-2.23,0.003,791.0
791,0.0,-0.08155276479750777,4.11,13750000.0,-4.9,0.0,792.0
792,0.0,-0.08065245327102802,4.11,8340000.0,-3.94,0.001,793.0
793,0.0,-0.07782119678089303,4.11,6470000.0,-2.55,0.033,794.0
794,0.0,-0.07661130581516094,4.11,4510000.0,0.02,0.309,795.0
795,0.0,-0.07286085150571131,4.11,13960000.0,0.37,0.014000000000000002,796.0
796,0.0,-0.07062175493250258,4.11,11830000.0,-0.56,0.011,797.0
797,0.0,-0.07036825025960539,4.11,13090000.0,0.4,0.014000000000000002,798.0
798,0.0,-0.06971638110072688,4.11,11170000.0,0.33,0.0,799.0
799,0.0,-0.06897767393561785,4.11,9290000.0,2.62,0.001,800.0
800,0.0,-0.0683169781931464,4.11,8990000.0,3.61,0.198,801.0
801,0.0,-0.06788901869158877,4.11,16079999.999999998,3.46,0.001,802.0
802,0.0,-0.06772137850467289,4.11,15140000.0,4.19,0.0,803.0
803,0.0,-0.06761876947040497,4.11,14690000.0,4.23,0.0,804.0
804,0.0,-0.06759228971962616,4.11,15320000.0,5.1,0.0,805.0
805,0.0,-0.06697235202492212,4.11,16930000.0,7.1,0.0,806.0
806,0.0,-0.06617977673935618,4.11,18060000.0,8.34,0.0,807.0
807,0.0,-0.06462856957424715,4.11,18370000.0,9.01,0.0,808.0
808,0.0,-0.06186169522326065,4.11,18680000.0,11.23,0.0,809.0
809,0.0,-0.057922442886812045,4.11,17220000.0,11.55,0.0,810.0
810,0.0,-0.05678342419522326,4.11,18030000.0,11.33,0.003,811.0
811,0.0,-0.05673286604361371,4.11,15410000.0,10.13,0.066,812.0
812,0.0,-0.056705607476635514,4.11,7920000.0,8.08,0.458,813.0
813,0.0,-0.05646144859813084,4.11,10300000.0,8.37,0.026000000000000002,814.0
814,0.0,-0.055406542056074766,4.11,19850000.0,8.45,0.006,815.0
815,0.0,-0.051503894080996884,4.11,7150000.0,6.34,0.33999999999999997,816.0
816,0.0,-0.04691764018691589,4.11,13660000.0,8.23,0.016,817.0
817,0.0,-0.04221430425752856,4.11,11740000.0,7.76,0.039,818.0
818,0.0,-0.03784942886812046,4.11,18140000.0,9.81,0.0,819.0
819,0.0,-0.0359917575285566,4.11,21010000.0,12.15,0.0,820.0
820,0.0,-0.03505445223260645,4.11,18340000.0,11.67,0.001,821.0
821,0.0,-0.0341506360332295,4.11,17040000.0,11.67,0.034999999999999996,822.0
822,0.0,-0.0327738836967809,4.11,14890000.0,11.07,0.005,823.0
823,0.0,-0.031088330737279343,4.11,12530000.0,10.37,0.048,824.0
824,0.0,-0.02971372014537903,4.11,13530000.0,9.88,0.33199999999999996,825.0
825,0.0,-0.0276893821391485,4.11,12990000.0,7.86,0.319,826.0
826,0.0,-0.02485630841121496,4.11,8510000.0,9.75,0.449,827.0
827,0.0,-0.01978193146417446,4.11,6620000.0,9.28,0.835,828.0
828,0.0,-0.013857476635514017,4.11,13320000.0,9.73,0.074,829.0
829,0.0,-0.010223520249221182,4.11,15690000.0,7.5,0.074,830.0
830,0.0,-0.008413551401869156,4.11,15000000.0,9.01,0.20400000000000001,831.0
831,0.0,-0.008279400311526477,4.11,13590000.0,10.92,0.036,832.0
832,0.0,-0.007490654205607474,4.11,8750000.0,7.96,0.13999999999999999,833.0
833,0.0,-0.006662123572170298,4.11,13730000.0,6.14,0.004,834.0
834,0.0,-0.004070612668743506,4.11,23170000.0,7.84,0.039,835.0
835,0.0,-0.0024501557632398713,4.11,17490000.0,10.16,0.017,836.0
836,0.0,-0.0018781152647975034,4.11,21880000.0,12.67,0.008,837.0
837,0.0,-0.00041510903426790827,4.11,22060000.0,16.43,0.0,838.0
838,0.0,0.0,4.11,17690000.0,17.02,0.189,839.0
839,0.0,0.02164517937219731,4.384315324365626,15560000.0,13.23,0.088,840.0
840,0.0,0.061932922272047844,4.384315324365626,26470000.0,13.33,0.0,841.0
841,0.0,0.11049015944195319,4.384315324365626,21380000.0,12.93,0.003,842.0
842,0.0,0.11783881415047337,4.384315324365626,19230000.0,14.82,0.0,843.0
843,0.0,0.12222907324364726,4.381290146791813,27010000.0,13.53,0.0,844.0
844,0.0,0.127526158445441,4.377872740477316,23290000.0,14.05,0.0,845.0
845,0.0,0.12932237169905333,4.370277131272588,23800000.0,15.06,0.0,846.0
846,0.0,0.13606844793223719,4.369228264761083,21870000.0,9.83,0.0,847.0
847,0.0,0.1493307797708022,4.369228264761083,22880000.0,9.87,0.0,848.0
848,0.0,0.1528578101644245,4.365689189866626,27700000.0,9.29,0.0,849.0
849,0.0,0.15554029646238166,4.323887715873653,27300000.0,10.45,0.0,850.0
850,0.0,0.16520677628300945,4.323887715873653,25130000.0,12.65,0.0,851.0
851,0.0,0.18248256103637267,4.323887715873653,25920000.0,12.0,0.0,852.0
852,0.0,0.19907075236671645,4.323887715873653,26400000.0,14.15,0.0,853.0
853,0.0,0.21682299451918283,4.323887715873653,27210000.0,16.55,0.0,854.0
854,0.0,0.22664175386148477,4.323887715873653,26390000.0,17.73,0.0,855.0
855,0.0,0.23044967613353262,4.323887715873653,27850000.0,19.53,0.0,856.0
856,0.0,0.2359840558046836,4.320731277841065,27100000.0,19.8,0.0,857.0
857,0.0,0.25254608868958645,4.320731277841065,22380000.0,19.9,0.0,858.0
858,0.0,0.2732523667164923,4.320731277841065,28990000.0,18.72,0.0,859.0
859,0.0,0.2929758345789736,4.320731277841065,28720000.0,20.84,0.0,860.0
860,0.0,0.29385214250124564,4.316842619691008,28880000.0,22.83,0.0,861.0
861,0.0,0.29882318136522174,4.316842619691008,25490000.0,19.48,0.0,862.0
862,0.0,0.31088596163428006,4.316842619691008,21660000.0,17.36,0.0,863.0
863,0.0,0.3190947309417041,4.316842619691008,13450000.0,13.58,0.094,864.0
864,0.0,0.33033040607872455,4.316842619691008,13000000.0,14.25,0.205,865.0
865,0.0,0.34934759591430004,4.316842619691008,11980000.0,14.47,0.371,866.0
866,0.0,0.36549296213253624,4.316842619691008,14400000.0,13.65,0.323,867.0
867,0.0,0.4025258470353763,4.316842619691008,28140000.0,14.81,0.04,868.0
868,0.0,0.440395802192327,4.316842619691008,22080000.0,14.94,0.18,869.0
869,0.0,0.48554527902341815,4.316842619691008,23440000.0,15.3,0.051000000000000004,870.0
870,0.0,0.5078995391131043,4.316842619691008,13790000.0,12.73,0.44400000000000006,871.0
871,0.0,0.5179051444942702,4.316842619691008,19340000.0,16.97,0.009,872.0
872,0.0,0.5280630293971103,4.316842619691008,28950000.0,19.18,0.001,873.0
873,0.0,0.5532937842551072,4.316842619691008,13270000.0,16.05,0.078,874.0
874,0.0,0.60020615346288,4.316842619691008,26000000.0,13.51,0.088,875.0
875,0.0,0.6569886646736423,4.316842619691008,20640000.0,16.54,0.29300000000000004,876.0
876,0.0,0.7179154210264076,4.316842619691008,22360000.0,19.07,0.004,877.0
877,0.0,0.7776762580966617,4.316842619691008,28780000.0,20.85,0.01,878.0
878,0.0,0.8403687095166916,4.316842619691008,25850000.0,20.19,0.004,879.0
879,0.0,0.9076360861983059,4.316842619691008,22840000.0,21.16,0.053000000000000005,880.0
880,0.0,0.9806984927752865,4.316842619691008,28180000.0,24.19,0.006,881.0
881,0.0,1.0,4.316842619691008,28990000.0,24.15,0.0,882.0
882,0.0,1.0247350784016187,4.316842619691008,30390000.0,22.94,0.0,883.0
883,0.0,1.0466884800202327,4.318289010839337,30720000.0,20.52,0.0,884.0
884,0.0,1.068710166919575,4.324684017724395,31500000.0,19.8,0.0,885.0
885,0.0,1.0887175434159502,4.336227164660609,22900000.0,19.06,0.004,886.0
886,0.0,1.105645338054291,4.354305887350676,16540000.0,14.12,0.039,887.0
887,0.0,1.1179897993592987,4.377922824564644,24600000.0,13.0,0.041999999999999996,888.0
888,0.0,1.1314268251559603,4.405004132996598,30220000.0,15.49,0.001,889.0
889,0.0,1.1449492075535324,4.438285964417636,28350000.0,19.69,0.0,890.0
890,0.0,1.1611947816557073,4.476184488277468,29490000.0,22.87,0.0,891.0
891,0.0,1.1812712864609678,4.519463258093751,30660000.0,24.59,0.0,892.0
892,0.0,1.2034807578823132,4.569942757226887,28840000.0,26.67,0.001,893.0
893,0.0,1.2242502318327433,4.6319382939694105,29180000.0,26.88,0.001,894.0
894,0.0,1.2461732844377003,4.704262900067981,31980000.0,21.32,0.0,895.0
895,0.0,1.2612643314786713,4.773893360216142,31030000.0,22.65,0.0,896.0
896,0.0,1.273176319339066,4.866470357129395,29870000.0,24.26,0.0,897.0
897,0.0,1.2909347074692294,4.959318314995862,30320000.0,24.49,0.0,898.0
898,0.0,1.31026829371101,5.074148341179538,30480000.0,22.61,0.0,899.0
899,0.0,1.320154484909796,5.171610800453776,30460000.0,17.3,0.001,900.0
900,0.0,1.3303915865789917,5.299866660010427,21220000.0,16.5,0.014000000000000002,901.0
901,0.0,1.3441700387792952,5.416917684622779,16110000.0,18.3,0.020999999999999998,902.0
902,0.0,1.359173937784522,5.519918099421309,26080000.0,19.85,0.0,903.0
903,0.0,1.3793642513909965,5.600304659984361,24050000.0,18.74,0.0,904.0
904,0.0,1.4023239124936773,5.667992342015122,31370000.0,17.94,0.0,905.0
905,0.0,1.4255402756702074,5.7264770307822355,28450000.0,19.4,0.005,906.0
906,0.0,1.4466230399595346,5.777924857547228,21690000.0,16.72,0.351,907.0
907,0.0,1.4679738872028325,5.802348299462325,21940000.0,15.89,0.05,908.0
908,0.0,1.4898343449671219,5.833665355658125,29700000.0,17.65,0.001,909.0
909,0.0,1.5074898836621142,5.852669484265329,30300000.0,20.65,0.003,910.0
910,0.0,1.522110520991401,5.879002328303285,29630000.0,23.08,0.0,911.0
911,0.0,1.5385739124936773,5.897865122559454,27330000.0,23.16,0.08399999999999999,912.0
912,0.0,1.560257334344967,5.9013054191138075,27750000.0,19.15,0.0,913.0
913,0.0,1.5764712948912494,5.9013054191138075,28970000.0,20.36,0.003,914.0
914,0.0,1.589475847243298,5.9034556897277595,26760000.0,21.66,0.0,915.0
915,0.0,1.5995441325240263,5.9034556897277595,26200000.0,22.43,0.001,916.0
916,0.0,1.6106316388467374,5.9034556897277595,26880000.0,20.49,0.002,917.0
917,0.0,1.6266350531107738,5.9034556897277595,27980000.0,19.95,0.0,918.0
918,0.0,1.646728207722138,5.9034556897277595,25200000.0,20.53,0.003,919.0
919,0.0,1.666797757545102,5.9034556897277595,22250000.0,22.13,0.01,920.0
920,0.0,1.683406255268926,5.9034556897277595,18260000.0,22.71,0.012,921.0
921,0.0,1.6990511718091383,5.9034556897277595,23040000.0,23.19,0.004,922.0
922,0.0,1.7152518546619455,5.9034556897277595,28930000.0,23.71,0.0,923.0
923,0.0,1.7303251981116168,5.9034556897277595,28080000.0,24.07,0.0,924.0
924,0.0,1.746663610689597,5.9034556897277595,27180000.0,23.55,0.0,925.0
925,0.0,1.7628292024953633,5.9034556897277595,16790000.0,21.3,0.018,926.0
926,0.0,1.774316304164559,5.9034556897277595,26210000.0,22.06,0.001,927.0
927,0.0,1.7833527229809476,5.9034556897277595,20160000.0,21.32,0.001,928.0
928,0.0,1.7946545692126117,5.9034556897277595,29600000.0,21.01,0.0,929.0
929,0.0,1.8105852722980948,5.9034556897277595,29510000.0,19.64,0.0,930.0
930,0.0,1.8316025965267242,5.9034556897277595,29920000.0,21.5,0.0,931.0
931,0.0,1.8538032161524196,5.9034556897277595,29830000.0,23.62,0.0,932.0
932,0.0,1.8766828949586918,5.9034556897277595,23950000.0,26.78,0.0,933.0
933,0.0,1.897046661608498,5.9034556897277595,28390000.0,24.36,0.047,934.0
934,0.0,1.9160988872028328,5.9034556897277595,29610000.0,21.23,0.003,935.0
935,0.0,1.9350233940313608,5.9034556897277595,29260000.0,24.67,0.0,936.0
936,0.0,1.9548988366211433,5.9034556897277595,28470000.0,26.54,0.0,937.0
937,0.0,1.9714750885179566,5.9034556897277595,28540000.0,23.15,0.0,938.0
938,0.0,1.9874867223065251,5.9034556897277595,28770000.0,23.26,0.0,939.0
939,0.0,2.0,5.9034556897277595,28410000.0,25.19,0.0,940.0
940,0.0,2.0182571954484607,5.9034556897277595,28100000.0,22.69,0.0,941.0
941,0.0,2.0372259275196023,5.843426316760045,28440000.0,23.98,0.0,942.0
942,0.0,2.0584809475999237,5.781745263768643,28380000.0,25.47,0.0,943.0
943,0.0,2.0826031506980303,5.718207311352,26180000.0,24.62,0.001,944.0
944,0.0,2.1087510757314973,5.652552587888507,26800000.0,25.06,0.0,945.0
945,0.0,2.1351488095238094,5.584635314077318,26320000.0,26.39,0.0,946.0
946,0.0,2.159150889271371,5.514525482136925,26420000.0,28.27,0.0,947.0
947,0.0,2.1826102027156242,5.442594586916161,24630000.0,28.32,0.0,948.0
948,0.0,2.207976310001912,5.36899624604809,24560000.0,28.54,0.002,949.0
949,0.0,2.233978174603174,5.293613751644615,15810000.0,24.08,0.015,950.0
950,0.0,2.261165495314591,5.2164805948394415,20910000.0,23.73,0.47300000000000003,951.0
951,0.0,2.2888218349588825,5.137577014760398,18200000.0,21.98,0.158,952.0
952,0.0,2.3160347341747936,5.0569671905209965,15460000.0,20.39,0.151,953.0
953,0.0,2.338975784088735,4.97481368984269,25240000.0,21.38,0.0,954.0
954,0.0,2.3624064113597236,4.891665691019541,25890000.0,24.33,0.0,955.0
955,0.0,2.387532630522087,4.807568333053352,24360000.0,25.8,0.0,956.0
956,0.0,2.413824225473321,4.722451549331138,25440000.0,24.33,0.0,957.0
957,0.0,2.438728126792885,4.636307843241012,24940000.0,22.83,0.0,958.0
958,0.0,2.4607684308663216,4.54937914079089,22630000.0,21.72,0.0,959.0
959,0.0,2.4844295037292015,4.462033992307261,25180000.0,22.31,0.0,960.0
960,0.0,2.5094944061962123,4.374211191719022,25190000.0,23.04,0.0,961.0
961,0.0,2.534087421113022,4.2817433033435774,23720000.0,25.54,0.0,962.0
962,0.0,2.5574934260852924,4.178594006827233,18420000.0,21.78,0.06,963.0
963,0.0,2.5844474325874915,4.066193124410052,23400000.0,21.37,0.0,964.0
964,0.0,2.609369262765346,3.9436637135504906,21750000.0,21.48,0.0,965.0
965,0.0,2.6342351549053347,3.813032568126025,21630000.0,22.42,0.0,966.0
966,0.0,2.65699548192771,3.6753507546705264,23330000.0,21.19,0.0,967.0
967,0.0,2.6807832520558414,3.532602124019171,24420000.0,20.83,0.0,968.0
968,0.0,2.706694038056989,3.385313845514841,24360000.0,23.2,0.0,969.0
969,0.0,2.7342019267546367,3.2336406659461807,23880000.0,25.23,0.0,970.0
970,0.0,2.761901534710269,3.0780888676996483,10790000.0,23.94,0.072,971.0
971,0.0,2.7843874306750807,2.8582432576142707,21690000.0,23.55,0.0,972.0
972,0.0,2.803846696309045,2.5384133393608477,22480000.0,24.19,0.0,973.0
973,0.0,2.8256392235609096,2.1654593624482983,22450000.0,23.58,0.0,974.0
974,0.0,2.8487440237139023,1.7623577976349585,22730000.0,22.87,0.0,975.0
975,0.0,2.8719427710843366,1.360999767461526,19810000.0,23.9,0.0,976.0
976,0.0,2.8950107573149735,0.9942144295275365,22360000.0,23.16,0.0,977.0
977,0.0,2.9191118043602975,0.6849944908044874,18290000.0,22.66,0.004,978.0
978,0.0,2.941818344807802,0.4422315884940049,13590000.0,22.66,0.056999999999999995,979.0
979,0.0,2.9611650172117034,0.26742937268134365,16290000.0,21.76,0.02,980.0
980,0.0,2.980352122776821,0.1524087934939687,12570000.0,19.02,0.274,981.0
981,0.0,2.9967032415375785,0.08159451341912854,16489999.999999998,16.58,0.044,982.0
982,0.0,3.0,0.04128145203424729,16500000.0,16.9,0.131,983.0
983,0.0,3.014827882960413,0.020640726017123644,19510000.0,18.29,0.001,984.0
984,0.0,3.0242338401223945,0.010320363008561822,20230000.0,19.91,0.0,985.0
985,0.0,3.037951568177472,0.005160181504280911,17770000.0,19.76,0.001,986.0
986,0.0,3.048949847007076,0.005160181504280911,12910000.0,19.23,0.0,987.0
987,0.0,3.0583180340409255,0.005160181504280911,14640000.0,16.99,0.045,988.0
988,0.0,3.0678102887741443,0.005160181504280911,8350000.0,14.75,0.376,989.0
989,0.0,3.076418292216485,0.005160181504280911,11900000.0,14.91,0.182,990.0
990,0.0,3.083130856760375,0.005160181504280911,16129999.999999998,14.15,0.048,991.0
991,0.0,3.0912970931344423,0.005160181504280911,15340000.0,15.42,0.014000000000000002,992.0
992,0.0,3.098677089309619,0.005160181504280911,13460000.0,16.18,0.047,993.0
993,0.0,3.1077627175368137,0.005160181504280911,18120000.0,16.7,0.0,994.0
994,0.0,3.117234891948747,0.005160181504280911,12860000.0,15.69,0.037,995.0
995,0.0,3.1289431535666474,0.005160181504280911,13190000.0,15.58,0.001,996.0
996,0.0,3.1338542264295275,0.005160181504280911,15970000.0,18.05,0.0,997.0
997,0.0,3.1385745362401987,0.005160181504280911,17740000.0,16.54,0.0,998.0
998,0.0,3.1419810193153563,0.005160181504280911,11460000.0,16.98,0.014000000000000002,999.0
999,0.0,3.145267737617135,0.005160181504280911,16320000.0,13.01,0.012,1000.0
1000,0.0,3.148679240772614,0.005160181504280911,7400000.0,7.51,0.054000000000000006,1001.0
1001,0.0,3.1538359389940713,0.005160181504280911,6300000.0,5.05,0.10500000000000001,1002.0
1002,0.0,3.161977074966533,0.005160181504280911,9710000.0,6.41,0.003,1003.0
1003,0.0,3.166923288391662,0.005160181504280911,14620000.0,7.51,0.0,1004.0
1004,0.0,3.172026558615414,0.005160181504280911,15550000.0,9.58,0.0,1005.0
1005,0.0,3.1767239194874737,0.005160181504280911,10460000.0,10.8,0.023,1006.0
1006,0.0,3.1853598919487474,0.005160181504280911,14390000.0,10.59,0.012,1007.0
1007,0.0,3.195782295850067,0.005160181504280911,14760000.0,11.9,0.0,1008.0
1008,0.0,3.210506908586728,0.005160181504280911,15720000.0,12.0,0.0,1009.0
1009,0.0,3.2279552734748522,0.005160181504280911,13260000.0,14.37,0.005,1010.0
1010,0.0,3.244033873589597,0.005160181504280911,11730000.0,10.83,0.062,1011.0
1011,0.0,3.2557435695161603,0.005160181504280911,13540000.0,5.94,0.001,1012.0
1012,0.0,3.268953552304456,0.005160181504280911,15760000.0,5.51,0.001,1013.0
1013,0.0,3.2767408921399888,0.005160181504280911,15300000.0,5.22,0.0,1014.0
1014,0.0,3.282106401797667,0.005160181504280911,12180000.0,5.73,0.0,1015.0
1015,0.0,3.2865685360489576,0.005160181504280911,8820000.0,9.1,0.015,1016.0
1016,0.0,3.29522853318034,0.005160181504280911,13470000.0,9.27,0.0,1017.0
1017,0.0,3.301312870529738,0.005160181504280911,9300000.0,9.51,0.0,1018.0
1018,0.0,3.3073955345190282,0.005160181504280911,7980000.0,12.5,0.131,1019.0
1019,0.0,3.3133608242493784,0.005160181504280911,10280000.0,10.76,0.032,1020.0
1020,0.0,3.3191450325109964,0.005160181504280911,9100000.0,9.26,0.061,1021.0
1021,0.0,3.3244462373302737,0.005160181504280911,3990000.0,8.48,0.6759999999999999,1022.0
1022,0.0,3.3297997944157585,0.005160181504280911,4860000.0,8.38,0.038,1023.0
1023,0.0,3.3354882625741062,0.005160181504280911,4160000.0,11.46,0.026000000000000002,1024.0
1024,0.0,3.3429136785236184,0.005160181504280911,11690000.0,14.54,0.025,1025.0
1025,0.0,3.3471588735895965,0.005160181504280911,12560000.0,9.52,0.0,1026.0
1026,0.0,3.35066886593995,0.005160181504280911,11270000.0,12.1,0.0,1027.0
1027,0.0,3.3616061866513673,0.005160181504280911,9880000.0,11.81,0.0,1028.0
1028,0.0,3.375504637598011,0.005160181504280911,9720000.0,7.12,0.008,1029.0
1029,0.0,3.3866922451711607,0.005160181504280911,12410000.0,4.27,0.0,1030.0
1030,0.0,3.393444253203289,0.005160181504280911,9180000.0,4.99,0.0,1031.0
1031,0.0,3.3966979824058137,0.005160181504280911,12660000.0,-3.07,0.0,1032.0
1032,0.0,3.4008546089118377,0.005160181504280911,11600000.0,-1.26,0.0,1033.0
1033,0.0,3.4038186077643906,0.005160181504280911,9120000.0,1.3,0.0,1034.0
1034,0.0,3.406890896921017,0.005160181504280911,11270000.0,2.42,0.0,1035.0
1035,0.0,3.40995493880283,0.005160181504280911,10220000.0,4.12,0.0,1036.0
1036,0.0,3.41182312583668,0.005160181504280911,8580000.0,5.96,0.0,1037.0
1037,0.0,3.4120583524574486,0.005160181504280911,9000000.0,5.73,0.0,1038.0
1038,0.0,3.4125040638745454,0.005160181504280911,10280000.0,5.9,0.0,1039.0
1039,0.0,3.4147232979537194,0.005160181504280911,10290000.0,5.51,0.0,1040.0
1040,0.0,3.4165767833237712,0.005160181504280911,7630000.0,3.69,0.0,1041.0
1041,0.0,3.4170816599732263,0.005160181504280911,6850000.0,3.89,0.0,1042.0
1042,0.0,3.417093134442532,0.005160181504280911,4730000.0,7.86,0.001,1043.0
1043,0.0,3.417093134442532,0.005160181504280911,6280000.0,7.82,0.0,1044.0
1044,0.0,3.417093134442532,0.005160181504280911,6650000.0,3.99,0.0,1045.0
1045,0.0,3.417404379422452,0.005160181504280911,3100000.0,5.12,0.071,1046.0
1046,0.0,3.417404379422452,0.005160181504280911,3620000.0,3.92,0.052000000000000005,1047.0
1047,0.0,3.417404379422452,0.005160181504280911,2820000.0,3.92,0.056999999999999995,1048.0
1048,0.0,3.417404379422452,0.005160181504280911,3800000.0,5.98,0.10400000000000001,1049.0
1049,0.0,3.417404379422452,0.005160181504280911,6090000.0,7.84,0.002,1050.0
1050,0.0,3.417404379422452,0.005160181504280911,5300000.0,10.12,0.001,1051.0
1051,0.0,3.4175896442914517,0.005160181504280911,3950000.0,6.85,0.13999999999999999,1052.0
1052,0.0,3.419798838209983,0.005160181504280911,5960000.0,7.98,0.034,1053.0
1053,0.0,3.420483003442341,0.005160181504280911,7780000.0,4.63,0.0,1054.0
1054,0.0,3.42382099827883,0.005160181504280911,7700000.0,0.78,0.0,1055.0
1055,0.0,3.424391853126793,0.005160181504280911,6390000.0,-0.98,0.0,1056.0
1056,0.0,3.4250502008032133,0.005160181504280911,3610000.0,3.44,0.0,1057.0
1057,0.0,3.4291580608146877,0.005160181504280911,7310000.0,5.36,0.0,1058.0
1058,0.0,3.429967010900746,0.005160181504280911,4780000.0,3.33,0.025,1059.0
1059,0.0,3.4305583046471604,0.005160181504280911,5930000.0,0.14,0.020999999999999998,1060.0
1060,0.0,3.4307232501434313,0.005160181504280911,3310000.0,0.71,0.196,1061.0
1061,0.0,3.4307697456492643,0.005160181504280911,4380000.0,-1.38,0.007000000000000001,1062.0
1062,0.0,3.4307697456492643,0.005160181504280911,6050000.0,-2.6,0.0,1063.0
1063,0.0,3.4307697456492643,0.005160181504280911,7370000.0,-2.02,0.004,1064.0
1064,0.0,3.4307697456492643,0.005160181504280911,2400000.0,-2.17,0.176,1065.0
1065,0.0,3.431023140179767,0.005160181504280911,2470000.0,-0.86,0.003,1066.0
1066,0.0,3.431023140179767,0.005160181504280911,3440000.0,1.51,0.004,1067.0
1067,0.0,3.431023140179767,0.005160181504280911,3910000.0,2.03,0.001,1068.0
1068,0.0,3.431023140179767,0.005160181504280911,4230000.0,2.22,0.004,1069.0
1069,0.0,3.431023140179767,0.005160181504280911,3420000.0,2.86,0.16,1070.0
1070,0.0,3.431023140179767,0.005160181504280911,3120000.0,2.97,0.242,1071.0
1071,0.0,-0.1,4.11,3410000.0,3.62,0.008,1072.0
1072,0.0,-0.1,4.11,2700000.0,1.62,0.008,1073.0
1073,0.0,-0.1,4.11,2089999.9999999998,-0.22,0.153,1074.0
1074,0.0,-0.1,4.11,2060000.0,2.4,0.302,1075.0
1075,0.0,-0.1,4.11,2290000.0,5.74,0.21600000000000003,1076.0
1076,0.0,-0.1,4.11,5630000.0,3.88,0.002,1077.0
1077,0.0,-0.1,4.11,2870000.0,1.01,0.001,1078.0
1078,0.0,-0.1,4.11,2920000.0,0.01,0.001,1079.0
1079,0.0,-0.1,4.11,3540000.0,-0.72,0.0,1080.0
1080,0.0,-0.1,4.11,2700000.0,-0.83,0.002,1081.0
1081,0.0,-0.1,4.11,3450000.0,-0.57,0.04,1082.0
1082,0.0,-0.1,4.11,1940000.0,3.52,0.5589999999999999,1083.0
1083,0.0,-0.1,4.11,2880000.0,9.57,0.045,1084.0
1084,0.0,-0.1,4.11,2200000.0,7.19,0.06,1085.0
1085,0.0,-0.1,4.11,3540000.0,4.73,0.034999999999999996,1086.0
1086,0.0,-0.1,4.11,3910000.0,2.3,0.016,1087.0
1087,0.0,-0.1,4.11,3530000.0,-0.48,0.003,1088.0
1088,0.0,-0.1,4.11,2960000.0,-0.93,0.005,1089.0
1089,0.0,-0.1,4.11,3870000.0,-1.66,0.002,1090.0
1090,0.0,-0.1,4.11,4560000.0,0.01,0.004,1091.0
1091,0.0,-0.1,4.11,2660000.0,-0.52,0.002,1092.0
1092,0.0,-0.1,4.11,2430000.0,-0.7,0.002,1093.0
1093,0.0,-0.1,4.11,2310000.0,-0.06,0.004,1094.0
1094,0.0,-0.1,4.11,2730000.0,4.59,0.11399999999999999,1095.0
1095,0.0,-0.1,4.11,2680000.0,-1.54,0.34500000000000003,1096.0
1096,0.0,-0.1,4.11,3310000.0,-5.45,0.099,1097.0
1097,0.0,-0.1,4.11,3660000.0,-7.56,0.009,1098.0
1098,0.0,-0.09993490394600209,4.11,7340000.0,-9.7,0.001,1099.0
1099,0.0,-0.09993490394600209,4.11,7120000.0,-11.12,0.0,1100.0
1100,0.0,-0.09993490394600209,4.11,7180000.0,-11.47,0.001,1101.0
1101,0.0,-0.09993490394600209,4.11,1910000.0,-11.23,0.372,1102.0
1102,0.0,-0.09993490394600209,4.11,1150000.0,-7.15,0.689,1103.0
1103,0.0,-0.09993490394600209,4.11,4680000.0,-1.87,0.11599999999999999,1104.0
1104,0.0,-0.09993490394600209,4.11,2270000.0,-4.64,0.48,1105.0
1105,0.0,-0.09993490394600209,4.11,3750000.0,-8.89,0.098,1106.0
1106,0.0,-0.09993490394600209,4.11,6340000.0,-11.92,0.001,1107.0
1107,0.0,-0.09993490394600209,4.11,4390000.0,-11.92,0.032,1108.0
1108,0.0,-0.09993490394600209,4.11,4330000.0,-8.7,0.008,1109.0
1109,0.0,-0.09993490394600209,4.11,3120000.0,-10.08,0.014000000000000002,1110.0
1110,0.0,-0.09993490394600209,4.11,5110000.0,-10.96,0.008,1111.0
1111,0.0,-0.09993490394600209,4.11,4090000.0,-7.49,0.272,1112.0
1112,0.0,-0.09993490394600209,4.11,4220000.0,1.17,0.5429999999999999,1113.0
1113,0.0,-0.09993490394600209,4.11,6340000.0,0.97,0.016,1114.0
1114,0.0,-0.09993490394600209,4.11,3400000.0,0.37,0.10300000000000001,1115.0
1115,0.0,-0.09993490394600209,4.11,6960000.0,0.77,0.061,1116.0
1116,0.0,-0.09993490394600209,4.11,1200000.0,0.48,0.192,1117.0
1117,0.0,-0.09993490394600209,4.11,3300000.0,-1.73,0.009,1118.0
1118,0.0,-0.09993490394600209,4.11,4970000.0,-2.09,0.001,1119.0
1119,0.0,-0.09993490394600209,4.11,4370000.0,-1.88,0.052000000000000005,1120.0
1120,0.0,-0.09993490394600209,4.11,5260000.0,-0.58,0.015,1121.0
1121,0.0,-0.09993490394600209,4.11,4920000.0,-1.66,0.009,1122.0
1122,0.0,-0.09993490394600209,4.11,3240000.0,-1.61,0.002,1123.0
1123,0.0,-0.09993490394600209,4.11,4700000.0,-0.79,0.001,1124.0
1124,0.0,-0.09966387590861892,4.11,4200000.0,-0.7,0.13,1125.0
1125,0.0,-0.09964090083073729,4.11,5150000.0,-1.77,0.333,1126.0
1126,0.0,-0.09955315420560748,4.11,8580000.0,-5.17,0.008,1127.0
1127,0.0,-0.09939096573208724,4.11,9030000.0,-5.38,0.013000000000000001,1128.0
1128,0.0,-0.09939096573208724,4.11,3180000.0,-6.3,0.359,1129.0
1129,0.0,-0.09930250519210801,4.11,7010000.0,1.58,0.061,1130.0
1130,0.0,-0.09930250519210801,4.11,3330000.0,3.09,0.186,1131.0
1131,0.0,-0.09930250519210801,4.11,9920000.0,1.76,0.024,1132.0
1132,0.0,-0.09929043354101767,4.11,2880000.0,-1.34,0.154,1133.0
1133,0.0,-0.09929043354101767,4.11,2420000.0,-2.77,0.373,1134.0
1134,0.0,-0.09923254153686399,4.11,2900000.0,3.57,0.182,1135.0
1135,0.0,-0.09923254153686399,4.11,7740000.0,3.23,0.01,1136.0
1136,0.0,-0.09921462876427832,4.11,12110000.0,2.58,0.004,1137.0
1137,0.0,-0.09866945742471446,4.11,9540000.0,0.14,0.0,1138.0
1138,0.0,-0.09866945742471446,4.11,10240000.0,0.1,0.0,1139.0
1139,0.0,-0.09835754153686399,4.11,8170000.0,-0.05,0.016,1140.0
1140,0.0,-0.09830172637590864,4.11,3710000.0,1.49,0.9960000000000001,1141.0
1141,0.0,-0.09830172637590864,4.11,3980000.0,6.34,0.414,1142.0
1142,0.0,-0.09827693406022847,4.11,10740000.0,4.51,0.014000000000000002,1143.0
1143,0.0,-0.09814771547248184,4.11,5180000.0,1.41,0.46799999999999997,1144.0
1144,0.0,-0.09808482606438215,4.11,8810000.0,4.04,0.22000000000000003,1145.0
1145,0.0,-0.0978433930425753,4.11,8550000.0,3.87,0.29700000000000004,1146.0
1146,0.0,-0.09719463914849431,4.11,3750000.0,1.66,1.114,1147.0
1147,0.0,-0.09679783229491176,4.11,11530000.0,1.52,0.002,1148.0
1148,0.0,-0.09676862668743513,4.11,13000000.0,-0.08,0.002,1149.0
1149,0.0,-0.09675460799584634,4.11,12900000.0,-0.81,0.002,1150.0
1150,0.0,-0.09675460799584634,4.11,13090000.0,0.37,0.004,1151.0
1151,0.0,-0.09675460799584634,4.11,5960000.0,1.33,0.315,1152.0
1152,0.0,-0.09675460799584634,4.11,7420000.0,0.67,0.078,1153.0
1153,0.0,-0.0967155373831776,4.11,11880000.0,2.0,0.008,1154.0
1154,0.0,-0.0967155373831776,4.11,11870000.0,4.1,0.004,1155.0
1155,0.0,-0.0967155373831776,4.11,7900000.0,3.3,0.008,1156.0
1156,0.0,-0.09545424454828663,4.11,8060000.000000001,5.37,0.051000000000000004,1157.0
1157,0.0,-0.09179069314641747,4.11,13160000.0,3.39,0.10700000000000001,1158.0
1158,0.0,-0.08615050623052961,4.11,14570000.0,2.08,0.16899999999999998,1159.0
1159,0.0,-0.08227615524402909,4.11,10350000.0,1.64,0.031,1160.0
1160,0.0,-0.08149247144340604,4.11,5740000.0,3.44,0.32799999999999996,1161.0
1161,0.0,-0.08085384215991695,4.11,7100000.0,4.67,0.242,1162.0
1162,0.0,-0.0805684060228453,4.11,4780000.0,6.54,0.383,1163.0
1163,0.0,-0.07998247663551404,4.11,15720000.0,9.17,0.044,1164.0
1164,0.0,-0.07836954828660438,4.11,5070000.0,6.55,0.125,1165.0
1165,0.0,-0.07715109034267914,4.11,9140000.0,9.19,0.002,1166.0
1166,0.0,-0.07523208722741434,4.11,5840000.0,10.27,0.331,1167.0
1167,0.0,-0.07357009345794394,4.11,8160000.0,12.02,0.21200000000000002,1168.0
1168,0.0,-0.07304030373831777,4.11,6670000.0,11.07,0.286,1169.0
1169,0.0,-0.07220093457943927,4.11,19160000.0,6.73,0.001,1170.0
1170,0.0,-0.07128673416407062,4.11,8340000.0,6.14,0.153,1171.0
1171,0.0,-0.0706756230529595,4.11,9540000.0,9.91,0.101,1172.0
1172,0.0,-0.0706286344755971,4.11,19350000.0,4.98,0.0,1173.0
1173,0.0,-0.070403751298027,4.11,8460000.0,6.36,0.074,1174.0
1174,0.0,-0.06976979491173417,4.11,9010000.0,6.98,0.362,1175.0
1175,0.0,-0.06911091640706127,4.11,10710000.0,7.19,0.09,1176.0
1176,0.0,-0.06837454569055036,4.11,18690000.0,7.12,0.048,1177.0
1177,0.0,-0.06760176531671859,4.11,6890000.0,6.85,0.834,1178.0
1178,0.0,-0.06598435877466252,4.11,15720000.0,6.92,0.05600000000000001,1179.0
1179,0.0,-0.06417497403946003,4.11,8029999.999999999,6.49,0.307,1180.0
1180,0.0,-0.06364732606438214,4.11,18340000.0,7.67,0.011,1181.0
1181,0.0,-0.06301259086188993,4.11,10770000.0,7.74,0.08399999999999999,1182.0
1182,0.0,-0.06291309709241952,4.11,7840000.0,9.18,0.236,1183.0
1183,0.0,-0.062350791796469365,4.11,17850000.0,7.49,0.015,1184.0
1184,0.0,-0.06088908359293873,4.11,21350000.0,8.8,0.0,1185.0
1185,0.0,-0.05574753374870197,4.11,13380000.0,9.54,0.01,1186.0
1186,0.0,-0.04992510384215991,4.11,19990000.0,8.24,0.002,1187.0
1187,0.0,-0.04530730789200414,4.11,22700000.0,7.41,0.0,1188.0
1188,0.0,-0.04101577102803737,4.11,16079999.999999998,8.08,0.006,1189.0
1189,0.0,-0.03781756230529594,4.11,14800000.0,10.44,0.012,1190.0
1190,0.0,-0.03565725597092419,4.11,12050000.0,11.56,0.087,1191.0
1191,0.0,-0.032284592419522314,4.11,13530000.0,10.31,0.253,1192.0
1192,0.0,-0.028433930425752842,4.11,16200000.0,6.33,0.034999999999999996,1193.0
1193,0.0,-0.026739615784008294,4.11,20040000.0,7.0,0.003,1194.0
1194,0.0,-0.024363058151609537,4.11,20210000.0,7.09,0.124,1195.0
1195,0.0,-0.02294639148494287,4.11,18510000.0,8.08,0.08399999999999999,1196.0
1196,0.0,-0.02223903167185876,4.11,8650000.0,9.86,0.8009999999999999,1197.0
1197,0.0,-0.020849623572170285,4.11,21320000.0,7.73,0.207,1198.0
1198,0.0,-0.016038097092419504,4.11,16040000.0,7.16,0.02,1199.0
