,DATE,DORMANT_SEASON,YEAR_JDAY,PHENOLOGY,TEMP,TMIN,TMAX,RAIN,IRRAD,LAT,LON
0,2006-01-01,0,1,,4.39,0.28,8.5,0.3048,0.0,40,-120
1,2006-01-02,0,2,,3.11,0.11,6.11,0.2286,0.0,40,-120
2,2006-01-03,0,3,,0.89,-1.11,2.89,0.1778,0.0,40,-120
3,2006-01-04,0,4,,-0.28,-2.56,2.0,0.1524,0.0,40,-120
4,2006-01-05,0,5,,-0.06,-1.94,1.83,0.2794,0.0,40,-120
5,2006-01-06,0,6,,0.92,-2.17,4.0,0.1778,0.0,40,-120
6,2006-01-07,0,7,,4.89,0.67,9.11,0.0762,0.0,40,-120
7,2006-01-08,0,8,,4.39,-0.33,9.11,0.1524,0.0,40,-120
8,2006-01-09,0,9,,7.28,2.83,11.72,0.025400000000000002,0.0,40,-120
9,2006-01-10,0,10,,10.44,7.56,13.33,0.0,0.0,40,-120
10,2006-01-11,0,11,,6.47,3.44,9.5,0.0,0.0,40,-120
11,2006-01-12,0,12,,4.5,1.06,7.94,0.0,0.0,40,-120
12,2006-01-13,0,13,,4.39,2.39,6.39,0.0,0.0,40,-120
13,2006-01-14,0,14,,3.36,0.39,6.33,0.025400000000000002,0.0,40,-120
14,2006-01-15,0,15,,3.08,-2.33,8.5,0.025400000000000002,0.0,40,-120
15,2006-01-16,0,16,,1.42,-0.06,2.89,0.025400000000000002,0.0,40,-120
16,2006-01-17,0,17,,3.81,0.67,6.94,0.0,0.0,40,-120
17,2006-01-18,0,18,,0.86,-0.44,2.17,0.0,0.0,40,-120
18,2006-01-19,0,19,,2.47,-0.17,5.11,0.025400000000000002,0.0,40,-120
19,2006-01-20,0,20,,4.78,-0.67,10.22,0.0,0.0,40,-120
20,2006-01-21,0,21,,2.72,-2.06,7.5,0.0,0.0,40,-120
21,2006-01-22,0,22,,0.72,-3.67,5.11,0.1524,0.0,40,-120
22,2006-01-23,0,23,,3.86,-0.61,8.33,0.025400000000000002,0.0,40,-120
23,2006-01-24,0,24,,3.0,-1.83,7.83,0.0,0.0,40,-120
24,2006-01-25,0,25,,-0.42,-3.0,2.17,0.10160000000000001,0.0,40,-120
25,2006-01-26,0,26,,3.17,-0.22,6.56,0.050800000000000005,0.0,40,-120
26,2006-01-27,0,27,,5.92,2.72,9.11,0.025400000000000002,0.0,40,-120
27,2006-01-28,0,28,,5.14,1.17,9.11,0.0,0.0,40,-120
28,2006-01-29,0,29,,4.14,-0.28,8.56,0.0,0.0,40,-120
29,2006-01-30,0,30,,6.92,1.89,11.94,0.025400000000000002,0.0,40,-120
30,2006-01-31,0,31,,4.19,1.28,7.11,0.0,0.0,40,-120
31,2006-02-01,0,32,,6.97,1.89,12.06,0.0,0.0,40,-120
32,2006-02-02,0,33,,7.47,2.0,12.94,0.0,0.0,40,-120
33,2006-02-03,0,34,,5.83,1.0,10.67,0.0,0.0,40,-120
34,2006-02-04,0,35,,7.44,2.89,12.0,0.0,0.0,40,-120
35,2006-02-05,0,36,,2.86,-2.44,8.17,0.0,0.0,40,-120
36,2006-02-06,0,37,,3.0,-2.17,8.17,0.0,0.0,40,-120
37,2006-02-07,0,38,,1.89,-4.17,7.94,0.0,0.0,40,-120
38,2006-02-08,0,39,,2.72,-1.89,7.33,0.0,0.0,40,-120
39,2006-02-09,0,40,,2.47,-3.89,8.83,0.0,0.0,40,-120
40,2006-02-10,0,41,,1.44,-5.56,8.44,0.0,0.0,40,-120
41,2006-02-11,0,42,,0.69,-5.56,6.94,0.0,0.0,40,-120
42,2006-02-12,0,43,,2.19,-4.5,8.89,0.0,0.0,40,-120
43,2006-02-13,0,44,,2.39,-3.17,7.94,0.0,0.0,40,-120
44,2006-02-14,0,45,,1.47,-2.56,5.5,0.0,0.0,40,-120
45,2006-02-15,0,46,,1.53,-3.17,6.22,0.0,0.0,40,-120
46,2006-02-16,0,47,,-0.25,-5.39,4.89,0.0,0.0,40,-120
47,2006-02-17,0,48,,-6.94,-9.56,-4.33,0.0,0.0,40,-120
48,2006-02-18,0,49,,-6.44,-13.0,0.11,0.0,0.0,40,-120
49,2006-02-19,0,50,,-4.5,-12.5,3.5,0.0,0.0,40,-120
50,2006-02-20,0,51,,-1.92,-9.22,5.39,0.0,0.0,40,-120
51,2006-02-21,0,52,,2.94,-6.0,11.89,0.0,0.0,40,-120
52,2006-02-22,0,53,,7.08,1.39,12.78,0.0,0.0,40,-120
53,2006-02-23,0,54,,5.58,-1.56,12.72,0.0,0.0,40,-120
54,2006-02-24,0,55,,0.42,-5.67,6.5,0.0,0.0,40,-120
55,2006-02-25,0,56,,-0.5,-6.11,5.11,0.0,0.0,40,-120
56,2006-02-26,0,57,,1.86,-0.61,4.33,0.0,0.0,40,-120
57,2006-02-27,0,58,,6.58,0.83,12.33,0.025400000000000002,0.0,40,-120
58,2006-02-28,0,59,,5.03,0.89,9.17,0.20320000000000002,0.0,40,-120
59,2006-03-01,0,60,,7.14,1.33,12.94,0.025400000000000002,0.0,40,-120
60,2006-03-02,0,61,,6.28,-0.5,13.06,0.025400000000000002,0.0,40,-120
61,2006-03-03,0,62,,4.14,-2.94,11.22,0.025400000000000002,0.0,40,-120
62,2006-03-04,0,63,,5.33,-2.06,12.72,0.0,0.0,40,-120
63,2006-03-05,0,64,,5.61,2.17,9.06,0.0,0.0,40,-120
64,2006-03-06,0,65,,6.92,0.06,13.78,0.0,0.0,40,-120
65,2006-03-07,0,66,,7.14,0.11,14.17,0.0,0.0,40,-120
66,2006-03-08,0,67,,1.86,-3.5,7.22,0.0,0.0,40,-120
67,2006-03-09,0,68,,3.08,-1.78,7.94,0.0,0.0,40,-120
68,2006-03-10,0,69,,2.31,-3.44,8.06,0.0,0.0,40,-120
69,2006-03-11,0,70,,2.92,-3.61,9.44,0.0,0.0,40,-120
70,2006-03-12,0,71,,-100.0,-100.0,-100.0,,,40,-120
71,2006-03-13,0,72,,-1.44,-1.44,-1.44,0.0,0.0,40,-120
72,2006-03-14,0,73,,4.81,-1.72,11.33,0.0,0.0,40,-120
73,2006-03-15,0,74,,4.36,-2.5,11.22,0.0,0.0,40,-120
74,2006-03-16,0,75,,8.92,5.11,12.72,0.4572,0.0,40,-120
75,2006-03-17,0,76,,4.11,0.5,7.72,0.4318,0.0,40,-120
76,2006-03-18,0,77,,5.31,-0.94,11.56,0.050800000000000005,0.0,40,-120
77,2006-03-19,0,78,,7.53,4.17,10.89,0.0,0.0,40,-120
78,2006-03-20,0,79,,8.47,4.17,12.78,0.0,0.0,40,-120
79,2006-03-21,0,80,,7.0,0.0,14.0,0.0,0.0,40,-120
80,2006-03-22,0,81,,10.94,5.78,16.11,0.0,0.0,40,-120
81,2006-03-23,0,82,,10.78,4.72,16.83,0.0,0.0,40,-120
82,2006-03-24,0,83,,11.72,7.11,16.33,0.0,0.0,40,-120
83,2006-03-25,0,84,,6.69,3.67,9.72,0.127,0.0,40,-120
84,2006-03-26,0,85,,6.56,1.0,12.11,0.0762,0.0,40,-120
85,2006-03-27,0,86,,7.0,-0.44,14.44,0.025400000000000002,0.0,40,-120
86,2006-03-28,0,87,,10.56,5.28,15.83,0.0,0.0,40,-120
87,2006-03-29,0,88,,11.17,4.5,17.83,0.0,0.0,40,-120
88,2006-03-30,0,89,,9.31,2.89,15.72,0.0,0.0,40,-120
89,2006-03-31,0,90,,10.64,4.0,17.28,0.0,0.0,40,-120
90,2006-04-01,0,91,,7.42,2.22,12.61,0.2286,0.0,40,-120
91,2006-04-02,0,92,,8.28,2.5,14.06,0.0,0.0,40,-120
92,2006-04-03,0,93,,10.72,7.22,14.22,0.0762,0.0,40,-120
93,2006-04-04,0,94,,8.86,5.39,12.33,0.0762,0.0,40,-120
94,2006-04-05,0,95,,10.56,4.39,16.72,0.0,0.0,40,-120
95,2006-04-06,0,96,,10.19,2.67,17.72,0.0,0.0,40,-120
96,2006-04-07,0,97,,10.25,3.56,16.94,0.0,0.0,40,-120
97,2006-04-08,0,98,,8.86,4.11,13.61,0.127,0.0,40,-120
98,2006-04-09,0,99,,9.03,1.83,16.22,0.10160000000000001,0.0,40,-120
99,2006-04-10,0,100,,7.83,3.94,11.72,0.8636,0.0,40,-120
100,2006-04-11,0,101,,8.36,1.0,15.72,0.0,0.0,40,-120
101,2006-04-12,0,102,,12.92,6.06,19.78,0.025400000000000002,0.0,40,-120
102,2006-04-13,0,103,,12.28,8.78,15.78,0.0,0.0,40,-120
103,2006-04-14,0,104,,11.22,6.56,15.89,0.0,0.0,40,-120
104,2006-04-15,0,105,,7.08,1.89,12.28,0.0762,0.0,40,-120
105,2006-04-16,0,106,,7.06,1.17,12.94,0.0,0.0,40,-120
106,2006-04-17,0,107,,6.69,-0.33,13.72,0.0,0.0,40,-120
107,2006-04-18,0,108,,8.08,-0.11,16.28,0.0,0.0,40,-120
108,2006-04-19,0,109,,10.17,1.33,19.0,0.0,0.0,40,-120
109,2006-04-20,0,110,,12.86,4.22,21.5,0.0,0.0,40,-120
110,2006-04-21,0,111,,10.61,4.28,16.94,0.0,0.0,40,-120
111,2006-04-22,0,112,,8.61,0.39,16.83,0.0,0.0,40,-120
112,2006-04-23,0,113,,13.08,5.61,20.56,0.0,0.0,40,-120
113,2006-04-24,0,114,,13.28,8.67,17.89,0.0,0.0,40,-120
114,2006-04-25,0,115,,12.97,4.83,21.11,0.0,0.0,40,-120
115,2006-04-26,0,116,,12.97,3.89,22.06,0.0,0.0,40,-120
116,2006-04-27,0,117,,14.33,5.83,22.83,0.0,0.0,40,-120
117,2006-04-28,0,118,,17.17,7.56,26.78,0.0,0.0,40,-120
118,2006-04-29,0,119,,16.42,5.56,27.28,0.0,0.0,40,-120
119,2006-04-30,0,120,,10.08,1.78,18.39,0.0,0.0,40,-120
120,2006-05-01,0,121,,9.58,2.28,16.89,0.0,0.0,40,-120
121,2006-05-02,0,122,,8.92,1.22,16.61,0.0,0.0,40,-120
122,2006-05-03,0,123,,11.08,1.67,20.5,0.0,0.0,40,-120
123,2006-05-04,0,124,,12.64,3.0,22.28,0.0,0.0,40,-120
124,2006-05-05,0,125,,13.31,2.67,23.94,0.0,0.0,40,-120
125,2006-05-06,0,126,,13.03,5.5,20.56,0.0,0.0,40,-120
126,2006-05-07,0,127,,13.25,7.56,18.94,0.050800000000000005,0.0,40,-120
127,2006-05-08,0,128,,8.86,1.39,16.33,0.0,0.0,40,-120
128,2006-05-09,0,129,,10.06,1.11,19.0,0.0,0.0,40,-120
129,2006-05-10,0,130,,12.78,2.56,23.0,0.0,0.0,40,-120
130,2006-05-11,0,131,,16.36,9.5,23.22,0.0,0.0,40,-120
131,2006-05-12,0,132,,11.42,3.11,19.72,0.0,0.0,40,-120
132,2006-05-13,0,133,,11.83,1.67,22.0,0.0,0.0,40,-120
133,2006-05-14,0,134,,16.64,5.11,28.17,0.0,0.0,40,-120
134,2006-05-15,0,135,,21.31,9.72,32.89,0.0,0.0,40,-120
135,2006-05-16,0,136,,25.94,16.0,35.89,0.0,0.0,40,-120
136,2006-05-17,0,137,,25.39,14.78,36.0,0.0,0.0,40,-120
137,2006-05-18,0,138,,26.44,17.67,35.22,0.0,0.0,40,-120
138,2006-05-19,0,139,,23.11,15.61,30.61,0.3048,0.0,40,-120
139,2006-05-20,0,140,,18.75,13.22,24.28,0.3556,0.0,40,-120
140,2006-05-21,0,141,,15.33,10.94,19.72,0.1524,0.0,40,-120
141,2006-05-22,0,142,,15.56,10.94,20.17,0.127,0.0,40,-120
142,2006-05-23,0,143,,15.83,8.06,23.61,0.127,0.0,40,-120
143,2006-05-24,0,144,,15.03,8.94,21.11,0.0,0.0,40,-120
144,2006-05-25,0,145,,14.14,8.11,20.17,0.0,0.0,40,-120
145,2006-05-26,0,146,,11.61,5.0,18.22,0.0,0.0,40,-120
146,2006-05-27,0,147,,11.25,5.72,16.78,0.10160000000000001,0.0,40,-120
147,2006-05-28,0,148,,13.67,7.22,20.11,0.1778,0.0,40,-120
148,2006-05-29,0,149,,14.53,6.0,23.06,0.0,0.0,40,-120
149,2006-05-30,0,150,,16.11,6.0,26.22,0.0,0.0,40,-120
150,2006-05-31,0,151,,19.44,9.61,29.28,0.0,0.0,40,-120
151,2006-06-01,0,152,,20.39,13.28,27.5,0.025400000000000002,0.0,40,-120
152,2006-06-02,0,153,,16.75,12.61,20.89,1.7018000000000002,0.0,40,-120
153,2006-06-03,0,154,,16.42,8.83,24.0,0.0,0.0,40,-120
154,2006-06-04,0,155,,17.78,12.17,23.39,0.9906,0.0,40,-120
155,2006-06-05,0,156,,17.94,10.17,25.72,0.0,0.0,40,-120
156,2006-06-06,0,157,,20.0,12.0,28.0,0.0,0.0,40,-120
157,2006-06-07,0,158,,20.58,13.17,28.0,0.0,0.0,40,-120
158,2006-06-08,0,159,,18.33,11.83,24.83,0.0,0.0,40,-120
159,2006-06-09,0,160,,15.86,9.33,22.39,0.0,0.0,40,-120
160,2006-06-10,0,161,,16.94,10.5,23.39,0.0,0.0,40,-120
161,2006-06-11,0,162,,17.69,9.89,25.5,0.0,0.0,40,-120
162,2006-06-12,0,163,,19.25,14.17,24.33,0.10160000000000001,0.0,40,-120
163,2006-06-13,0,164,,15.53,13.72,17.33,0.8636,0.0,40,-120
164,2006-06-14,0,165,,16.64,10.17,23.11,0.025400000000000002,0.0,40,-120
165,2006-06-15,0,166,,16.5,8.28,24.72,0.0,0.0,40,-120
166,2006-06-16,0,167,,18.0,10.33,25.67,0.0,0.0,40,-120
167,2006-06-17,0,168,,15.81,6.83,24.78,0.0,0.0,40,-120
168,2006-06-18,0,169,,17.06,8.17,25.94,0.0,0.0,40,-120
169,2006-06-19,0,170,,16.5,7.28,25.72,0.0,0.0,40,-120
170,2006-06-20,0,171,,15.78,6.22,25.33,0.0,0.0,40,-120
171,2006-06-21,0,172,,17.47,8.22,26.72,0.0,0.0,40,-120
172,2006-06-22,0,173,,18.44,8.5,28.39,0.0,0.0,40,-120
173,2006-06-23,0,174,,19.14,8.94,29.33,0.0,0.0,40,-120
174,2006-06-24,0,175,,21.36,10.28,32.44,0.0,0.0,40,-120
175,2006-06-25,0,176,,23.83,12.17,35.5,0.0,0.0,40,-120
176,2006-06-26,0,177,,25.92,14.83,37.0,0.0,0.0,40,-120
177,2006-06-27,0,178,,27.61,16.89,38.33,0.0,0.0,40,-120
178,2006-06-28,0,179,,24.75,14.17,35.33,0.0,0.0,40,-120
179,2006-06-29,0,180,,17.81,15.33,20.28,0.1524,0.0,40,-120
180,2006-06-30,0,181,,24.75,15.39,34.11,0.0,0.0,40,-120
181,2006-07-01,0,182,,25.64,15.33,35.94,0.0,0.0,40,-120
182,2006-07-02,0,183,,25.22,14.22,36.22,0.0,0.0,40,-120
183,2006-07-03,0,184,,27.39,18.06,36.72,0.0,0.0,40,-120
184,2006-07-04,0,185,,28.58,20.89,36.28,0.0,0.0,40,-120
185,2006-07-05,0,186,,25.78,17.83,33.72,0.0,0.0,40,-120
186,2006-07-06,0,187,,21.5,14.0,29.0,0.0,0.0,40,-120
187,2006-07-07,0,188,,19.0,8.06,29.94,0.0,0.0,40,-120
188,2006-07-08,0,189,,22.17,10.94,33.39,0.0,0.0,40,-120
189,2006-07-09,0,190,,24.97,13.78,36.17,0.0,0.0,40,-120
190,2006-07-10,0,191,,23.28,14.44,32.11,0.0,0.0,40,-120
191,2006-07-11,0,192,,22.17,11.22,33.11,0.0,0.0,40,-120
192,2006-07-12,0,193,,20.86,14.44,27.28,0.0,0.0,40,-120
193,2006-07-13,0,194,,21.06,11.22,30.89,0.0,0.0,40,-120
194,2006-07-14,0,195,,22.17,11.44,32.89,0.0,0.0,40,-120
195,2006-07-15,0,196,,22.28,11.61,32.94,0.0,0.0,40,-120
196,2006-07-16,0,197,,22.67,11.83,33.5,0.0,0.0,40,-120
197,2006-07-17,0,198,,22.58,12.44,32.72,0.0,0.0,40,-120
198,2006-07-18,0,199,,19.36,9.44,29.28,0.0,0.0,40,-120
199,2006-07-19,0,200,,21.5,10.72,32.28,0.0,0.0,40,-120
200,2006-07-20,0,201,,23.97,12.89,35.06,0.0,0.0,40,-120
201,2006-07-21,0,202,,26.67,15.33,38.0,0.0,0.0,40,-120
202,2006-07-22,0,203,,28.42,18.39,38.44,0.0,0.0,40,-120
203,2006-07-23,0,204,,30.67,20.22,41.11,0.0,0.0,40,-120
204,2006-07-24,0,205,,28.31,17.78,38.83,0.0,0.0,40,-120
205,2006-07-25,0,206,,26.33,15.5,37.17,0.0,0.0,40,-120
206,2006-07-26,0,207,,25.06,13.78,36.33,0.0,0.0,40,-120
207,2006-07-27,0,208,,26.92,16.5,37.33,0.0,0.0,40,-120
208,2006-07-28,0,209,,22.92,13.28,32.56,0.0,0.0,40,-120
209,2006-07-29,0,210,,19.78,9.72,29.83,0.0,0.0,40,-120
210,2006-07-30,0,211,,16.22,7.89,24.56,0.0,0.0,40,-120
211,2006-07-31,0,212,,16.11,7.33,24.89,0.0,0.0,40,-120
212,2006-08-01,0,213,,18.36,9.22,27.5,0.0,0.0,40,-120
213,2006-08-02,0,214,,19.19,8.89,29.5,0.0,0.0,40,-120
214,2006-08-03,0,215,,20.81,10.39,31.22,0.0,0.0,40,-120
215,2006-08-04,0,216,,21.25,10.78,31.72,0.0,0.0,40,-120
216,2006-08-05,0,217,,22.83,13.33,32.33,0.0,0.0,40,-120
217,2006-08-06,0,218,,23.0,11.67,34.33,0.0,0.0,40,-120
218,2006-08-07,0,219,,25.72,14.67,36.78,0.0,0.0,40,-120
219,2006-08-08,0,220,,23.67,16.17,31.17,0.0,0.0,40,-120
220,2006-08-09,0,221,,22.47,13.67,31.28,0.0,0.0,40,-120
221,2006-08-10,0,222,,21.94,12.11,31.78,0.0,0.0,40,-120
222,2006-08-11,0,223,,18.22,9.44,27.0,0.0,0.0,40,-120
223,2006-08-12,0,224,,19.33,9.39,29.28,0.0,0.0,40,-120
224,2006-08-13,0,225,,20.44,9.72,31.17,0.0,0.0,40,-120
225,2006-08-14,0,226,,22.53,10.72,34.33,0.0,0.0,40,-120
226,2006-08-15,0,227,,22.58,12.56,32.61,0.0,0.0,40,-120
227,2006-08-16,0,228,,19.94,10.83,29.06,0.0,0.0,40,-120
228,2006-08-17,0,229,,21.81,12.67,30.94,0.0,0.0,40,-120
229,2006-08-18,0,230,,21.58,11.06,32.11,0.0,0.0,40,-120
230,2006-08-19,0,231,,22.56,11.17,33.94,0.0,0.0,40,-120
231,2006-08-20,0,232,,23.81,13.06,34.56,0.0,0.0,40,-120
232,2006-08-21,0,233,,24.11,13.5,34.72,0.0,0.0,40,-120
233,2006-08-22,0,234,,24.0,14.11,33.89,0.0,0.0,40,-120
234,2006-08-23,0,235,,20.03,9.72,30.33,0.0,0.0,40,-120
235,2006-08-24,0,236,,17.97,9.72,26.22,0.0,0.0,40,-120
236,2006-08-25,0,237,,20.42,10.56,30.28,0.0,0.0,40,-120
237,2006-08-26,0,238,,21.89,11.0,32.78,0.0,0.0,40,-120
238,2006-08-27,0,239,,23.33,12.11,34.56,0.0,0.0,40,-120
239,2006-08-28,0,240,,23.72,12.78,34.67,0.0,0.0,40,-120
240,2006-08-29,0,241,,18.03,9.22,26.83,0.0,0.0,40,-120
241,2006-08-30,0,242,,14.56,6.11,23.0,0.0,0.0,40,-120
242,2006-08-31,0,243,,14.67,5.33,24.0,0.0,0.0,40,-120
243,2006-09-01,0,244,,17.33,6.17,28.5,0.0,0.0,40,-120
244,2006-09-02,0,245,,19.61,8.0,31.22,0.0,0.0,40,-120
245,2006-09-03,0,246,,20.67,10.33,31.0,0.0,0.0,40,-120
246,2006-09-04,0,247,,24.53,13.56,35.5,0.0,0.0,40,-120
247,2006-09-05,0,248,,24.14,14.67,33.61,0.0,0.0,40,-120
248,2006-09-06,0,249,,24.56,13.78,35.33,0.0,0.0,40,-120
249,2006-09-07,1,250,,22.39,12.39,32.39,0.0,0.0,40,-120
250,2006-09-08,1,251,,22.11,12.72,31.5,0.0,0.0,40,-120
251,2006-09-09,1,252,,17.86,9.83,25.89,0.0,0.0,40,-120
252,2006-09-10,1,253,,16.53,6.67,26.39,0.0,0.0,40,-120
253,2006-09-11,1,254,,17.92,7.33,28.5,0.0,0.0,40,-120
254,2006-09-12,1,255,,20.75,9.89,31.61,0.0,0.0,40,-120
255,2006-09-13,1,256,,17.03,8.17,25.89,0.0,0.0,40,-120
256,2006-09-14,1,257,,11.14,4.11,18.17,0.10160000000000001,0.0,40,-120
257,2006-09-15,1,258,,10.69,4.78,16.61,0.050800000000000005,0.0,40,-120
258,2006-09-16,1,259,,12.22,3.56,20.89,0.0,0.0,40,-120
259,2006-09-17,1,260,,13.42,4.72,22.11,0.0,0.0,40,-120
260,2006-09-18,1,261,,16.72,9.67,23.78,0.0,0.0,40,-120
261,2006-09-19,1,262,,13.47,6.89,20.06,0.0762,0.0,40,-120
262,2006-09-20,1,263,,11.53,5.28,17.78,0.1524,0.0,40,-120
263,2006-09-21,1,264,,13.97,8.06,19.89,0.0,0.0,40,-120
264,2006-09-22,1,265,,12.78,4.39,21.17,0.0,0.0,40,-120
265,2006-09-23,1,266,,14.36,4.83,23.89,0.0,0.0,40,-120
266,2006-09-24,1,267,,15.11,5.83,24.39,0.0,0.0,40,-120
267,2006-09-25,1,268,,16.14,6.39,25.89,0.0,0.0,40,-120
268,2006-09-26,1,269,,17.42,7.67,27.17,0.0,0.0,40,-120
269,2006-09-27,1,270,,19.03,9.61,28.44,0.0,0.0,40,-120
270,2006-09-28,1,271,,19.72,9.78,29.67,0.0,0.0,40,-120
271,2006-09-29,1,272,,19.28,8.0,30.56,0.0,0.0,40,-120
272,2006-09-30,1,273,,18.39,7.61,29.17,0.0,0.0,40,-120
273,2006-10-01,1,274,,13.89,5.22,22.56,0.0,0.0,40,-120
274,2006-10-02,1,275,,14.0,5.61,22.39,0.0,0.0,40,-120
275,2006-10-03,1,276,,12.86,7.11,18.61,0.2286,0.0,40,-120
276,2006-10-04,1,277,,12.42,10.22,14.61,0.2794,0.0,40,-120
277,2006-10-05,1,278,,12.78,7.83,17.72,0.0,0.0,40,-120
278,2006-10-06,1,279,,13.56,7.06,20.06,0.0,0.0,40,-120
279,2006-10-07,1,280,,12.94,6.33,19.56,0.0,0.0,40,-120
280,2006-10-08,1,281,,11.39,6.39,16.39,0.0,0.0,40,-120
281,2006-10-09,1,282,,10.64,2.89,18.39,0.0,0.0,40,-120
282,2006-10-10,1,283,,10.14,0.78,19.5,0.0,0.0,40,-120
283,2006-10-11,1,284,,12.31,2.22,22.39,0.0,0.0,40,-120
284,2006-10-12,1,285,,12.75,3.44,22.06,0.0,0.0,40,-120
285,2006-10-13,1,286,,12.72,3.89,21.56,0.0,0.0,40,-120
286,2006-10-14,1,287,,13.39,4.17,22.61,0.0,0.0,40,-120
287,2006-10-15,1,288,,11.89,8.33,15.44,0.3048,0.0,40,-120
288,2006-10-16,1,289,,11.0,5.61,16.39,0.127,0.0,40,-120
289,2006-10-17,1,290,,11.97,7.17,16.78,0.0,0.0,40,-120
290,2006-10-18,1,291,,10.39,5.56,15.22,0.025400000000000002,0.0,40,-120
291,2006-10-19,1,292,,15.06,8.83,21.28,0.025400000000000002,0.0,40,-120
292,2006-10-20,1,293,,11.67,4.39,18.94,0.0,0.0,40,-120
293,2006-10-21,1,294,,9.39,1.94,16.83,0.0,0.0,40,-120
294,2006-10-22,1,295,,7.33,0.06,14.61,0.0,0.0,40,-120
295,2006-10-23,1,296,,8.44,2.17,14.72,0.0,0.0,40,-120
296,2006-10-24,1,297,,9.03,2.44,15.61,0.0,0.0,40,-120
297,2006-10-25,1,298,,8.25,1.11,15.39,0.0,0.0,40,-120
298,2006-10-26,1,299,,8.47,1.11,15.83,0.0,0.0,40,-120
299,2006-10-27,1,300,,9.61,1.33,17.89,0.0,0.0,40,-120
300,2006-10-28,1,301,,8.47,-0.17,17.11,0.0,0.0,40,-120
301,2006-10-29,1,302,,7.67,-0.33,15.67,0.0,0.0,40,-120
302,2006-10-30,1,303,,0.86,-5.5,7.22,0.0,0.0,40,-120
303,2006-10-31,1,304,,-0.94,-8.28,6.39,0.0,0.0,40,-120
304,2006-11-01,1,305,,-1.53,-8.83,5.78,0.0,0.0,40,-120
305,2006-11-02,1,306,,0.94,-0.5,2.39,0.10160000000000001,0.0,40,-120
306,2006-11-03,1,307,,6.83,0.83,12.83,0.0,0.0,40,-120
307,2006-11-04,1,308,,14.0,11.72,16.28,0.0,0.0,40,-120
308,2006-11-05,1,309,,11.08,7.11,15.06,0.10160000000000001,0.0,40,-120
309,2006-11-06,1,310,,18.39,15.39,21.39,0.0,0.0,40,-120
310,2006-11-07,1,311,,13.03,6.28,19.78,0.1778,0.0,40,-120
311,2006-11-08,1,312,,9.22,4.39,14.06,0.025400000000000002,0.0,40,-120
312,2006-11-09,1,313,,7.14,1.67,12.61,0.1524,0.0,40,-120
313,2006-11-10,1,314,,7.42,3.89,10.94,0.0,0.0,40,-120
314,2006-11-11,1,315,,6.47,1.06,11.89,0.0,0.0,40,-120
315,2006-11-12,1,316,,7.83,4.89,10.78,0.0,0.0,40,-120
316,2006-11-13,1,317,,9.67,7.0,12.33,0.0,0.0,40,-120
317,2006-11-14,1,318,,6.81,2.83,10.78,0.0,0.0,40,-120
318,2006-11-15,1,319,,10.11,4.89,15.33,0.0,0.0,40,-120
319,2006-11-16,1,320,,6.56,0.33,12.78,0.0,0.0,40,-120
320,2006-11-17,1,321,,3.31,-1.11,7.72,0.0,0.0,40,-120
321,2006-11-18,1,322,,1.75,-3.78,7.28,0.0,0.0,40,-120
322,2006-11-19,1,323,,3.17,0.56,5.78,0.050800000000000005,0.0,40,-120
323,2006-11-20,1,324,,7.86,2.44,13.28,0.025400000000000002,0.0,40,-120
324,2006-11-21,1,325,,6.72,2.0,11.44,0.0,0.0,40,-120
325,2006-11-22,1,326,,6.36,3.89,8.83,0.025400000000000002,0.0,40,-120
326,2006-11-23,1,327,,6.17,3.28,9.06,0.0,0.0,40,-120
327,2006-11-24,1,328,,4.92,1.39,8.44,0.0,0.0,40,-120
328,2006-11-25,1,329,,1.94,-2.22,6.11,0.0,0.0,40,-120
329,2006-11-26,1,330,,-1.36,-3.78,1.06,0.025400000000000002,0.0,40,-120
330,2006-11-27,1,331,,-1.47,-6.56,3.61,0.4318,0.0,40,-120
331,2006-11-28,1,332,,-7.0,-8.17,-5.83,0.0,0.0,40,-120
332,2006-11-29,1,333,,-8.75,-9.78,-7.72,0.0,0.0,40,-120
333,2006-11-30,1,334,,-6.69,-9.44,-3.94,0.0,0.0,40,-120
334,2006-12-01,1,335,,-6.69,-11.44,-1.94,0.0,0.0,40,-120
335,2006-12-02,1,336,,-7.25,-8.06,-6.44,0.0,0.0,40,-120
336,2006-12-03,1,337,,-7.44,-8.56,-6.33,0.0,0.0,40,-120
337,2006-12-04,1,338,,-6.5,-7.89,-5.11,0.0,0.0,40,-120
338,2006-12-05,1,339,,-3.86,-5.78,-1.94,0.0,0.0,40,-120
339,2006-12-06,1,340,,-2.67,-6.39,1.06,0.0,0.0,40,-120
340,2006-12-07,1,341,,-2.78,-6.61,1.06,0.0,0.0,40,-120
341,2006-12-08,1,342,,-0.86,-1.5,-0.22,0.0,0.0,40,-120
342,2006-12-09,1,343,,-0.31,-1.44,0.83,0.050800000000000005,0.0,40,-120
343,2006-12-10,1,344,,2.75,-0.61,6.11,0.20320000000000002,0.0,40,-120
344,2006-12-11,1,345,,6.25,1.33,11.17,0.20320000000000002,0.0,40,-120
345,2006-12-12,1,346,,7.53,4.72,10.33,0.050800000000000005,0.0,40,-120
346,2006-12-13,1,347,,8.39,4.39,12.39,0.1778,0.0,40,-120
347,2006-12-14,1,348,,6.81,2.67,10.94,0.762,0.0,40,-120
348,2006-12-15,1,349,,3.33,-2.17,8.83,0.025400000000000002,0.0,40,-120
349,2006-12-16,1,350,,-1.58,-4.89,1.72,0.0,0.0,40,-120
350,2006-12-17,1,351,,-2.53,-6.94,1.89,0.0,0.0,40,-120
351,2006-12-18,1,352,,-5.94,-8.94,-2.94,0.0,0.0,40,-120
352,2006-12-19,1,353,,-3.06,-3.67,-2.44,0.0,0.0,40,-120
353,2006-12-20,1,354,,-2.14,-2.94,-1.33,0.0,0.0,40,-120
354,2006-12-21,1,355,,-1.56,-2.89,-0.22,0.050800000000000005,0.0,40,-120
355,2006-12-22,1,356,,-1.69,-2.83,-0.56,0.0,0.0,40,-120
356,2006-12-23,1,357,,-4.03,-8.28,0.22,0.0762,0.0,40,-120
357,2006-12-24,1,358,,-5.11,-7.78,-2.44,0.0,0.0,40,-120
358,2006-12-25,1,359,,-0.94,-2.72,0.83,0.254,0.0,40,-120
359,2006-12-26,1,360,,0.19,-0.06,0.44,1.3970000000000002,0.0,40,-120
360,2006-12-27,1,361,,2.25,-1.67,6.17,0.254,0.0,40,-120
361,2006-12-28,1,362,,-1.17,-5.44,3.11,0.0,0.0,40,-120
362,2006-12-29,1,363,,-3.56,-7.22,0.11,0.0,0.0,40,-120
363,2006-12-30,1,364,,-3.89,-6.0,-1.78,0.0,0.0,40,-120
364,2006-12-31,1,365,,-1.89,-2.89,-0.89,0.0,0.0,40,-120
365,2007-01-01,1,1,,-1.14,-2.5,0.22,0.025400000000000002,0.0,40,-120
366,2007-01-02,1,2,,5.72,-2.44,13.89,0.127,0.0,40,-120
367,2007-01-03,1,3,,4.89,1.83,7.94,0.6096,0.0,40,-120
368,2007-01-04,1,4,,1.5,-1.44,4.44,0.1524,0.0,40,-120
369,2007-01-05,1,5,,2.31,-2.78,7.39,0.0,0.0,40,-120
370,2007-01-06,1,6,,4.58,1.61,7.56,0.0,0.0,40,-120
371,2007-01-07,1,7,,7.19,2.11,12.28,0.0,0.0,40,-120
372,2007-01-08,1,8,,5.33,0.39,10.28,0.0,0.0,40,-120
373,2007-01-09,1,9,,7.17,0.5,13.83,0.0,0.0,40,-120
374,2007-01-10,1,10,,0.61,-3.5,4.72,0.0,0.0,40,-120
375,2007-01-11,1,11,,-3.81,-6.67,-0.94,0.0,0.0,40,-120
376,2007-01-12,1,12,,-7.67,-11.67,-3.67,0.0,0.0,40,-120
377,2007-01-13,1,13,,-9.31,-12.61,-6.0,0.0,0.0,40,-120
378,2007-01-14,1,14,,-8.0,-12.56,-3.44,0.0,0.0,40,-120
379,2007-01-15,1,15,,-8.64,-13.17,-4.11,0.0,0.0,40,-120
380,2007-01-16,1,16,,-9.75,-14.28,-5.22,0.0,0.0,40,-120
381,2007-01-17,1,17,,-10.92,-14.44,-7.39,0.0,0.0,40,-120
382,2007-01-18,1,18,,-6.83,-8.5,-5.17,0.0,0.0,40,-120
383,2007-01-19,1,19,,-4.42,-7.17,-1.67,0.0762,0.0,40,-120
384,2007-01-20,1,20,,-1.03,-10.17,8.11,0.0762,0.0,40,-120
385,2007-01-21,1,21,,-0.06,-5.56,5.44,0.0,0.0,40,-120
386,2007-01-22,1,22,,0.72,-4.17,5.61,0.0,0.0,40,-120
387,2007-01-23,1,23,,3.31,-0.5,7.11,0.0,0.0,40,-120
388,2007-01-24,1,24,,0.81,-4.22,5.83,0.0,0.0,40,-120
389,2007-01-25,1,25,,-2.06,-5.17,1.06,0.0,0.0,40,-120
390,2007-01-26,1,26,,-0.81,-1.83,0.22,0.0,0.0,40,-120
391,2007-01-27,1,27,,-2.17,-4.56,0.22,0.0,0.0,40,-120
392,2007-01-28,1,28,,-2.86,-4.83,-0.89,0.0,0.0,40,-120
393,2007-01-29,1,29,,-2.19,-2.72,-1.67,0.0,0.0,40,-120
394,2007-01-30,1,30,,-1.44,-3.89,1.0,0.0,0.0,40,-120
395,2007-01-31,1,31,,-2.83,-5.33,-0.33,0.0,0.0,40,-120
396,2007-02-01,1,32,,-3.03,-6.22,0.17,0.0,0.0,40,-120
397,2007-02-02,1,33,,-4.06,-9.33,1.22,0.0,0.0,40,-120
398,2007-02-03,1,34,,-3.97,-6.78,-1.17,0.0,0.0,40,-120
399,2007-02-04,1,35,,0.83,-1.78,3.44,0.050800000000000005,0.0,40,-120
400,2007-02-05,1,36,,1.03,-2.33,4.39,0.0,0.0,40,-120
401,2007-02-06,1,37,,1.75,-0.61,4.11,0.0,0.0,40,-120
402,2007-02-07,1,38,,2.25,0.78,3.72,0.0,0.0,40,-120
403,2007-02-08,1,39,,4.5,0.61,8.39,0.025400000000000002,0.0,40,-120
404,2007-02-09,1,40,,3.72,0.89,6.56,0.5334,0.0,40,-120
405,2007-02-10,1,41,,4.28,2.94,5.61,0.20320000000000002,0.0,40,-120
406,2007-02-11,1,42,,3.58,0.83,6.33,0.1778,0.0,40,-120
407,2007-02-12,1,43,,5.94,0.0,11.89,0.0,0.0,40,-120
408,2007-02-13,1,44,,2.36,-0.83,5.56,0.0,0.0,40,-120
409,2007-02-14,1,45,,4.22,1.17,7.28,0.1524,0.0,40,-120
410,2007-02-15,1,46,,8.81,0.89,16.72,0.0,0.0,40,-120
411,2007-02-16,1,47,,7.86,3.56,12.17,0.0,0.0,40,-120
412,2007-02-17,1,48,,8.89,0.0,17.78,0.0,0.0,40,-120
413,2007-02-18,1,49,,6.53,1.94,11.11,0.0,0.0,40,-120
414,2007-02-19,1,50,,5.86,0.78,10.94,0.0,0.0,40,-120
415,2007-02-20,1,51,,5.31,1.0,9.61,0.0,0.0,40,-120
416,2007-02-21,1,52,,3.06,-1.44,7.56,0.0,0.0,40,-120
417,2007-02-22,1,53,,1.97,-0.61,4.56,0.025400000000000002,0.0,40,-120
418,2007-02-23,1,54,,2.58,-2.94,8.11,0.0,0.0,40,-120
419,2007-02-24,1,55,,2.25,0.61,3.89,0.20320000000000002,0.0,40,-120
420,2007-02-25,1,56,,3.42,0.56,6.28,0.025400000000000002,0.0,40,-120
421,2007-02-26,1,57,,4.56,0.17,8.94,0.0,0.0,40,-120
422,2007-02-27,1,58,,2.69,-2.83,8.22,0.0,0.0,40,-120
423,2007-02-28,1,59,,2.67,-2.11,7.44,0.0,0.0,40,-120
424,2007-03-01,1,60,,1.97,-3.28,7.22,0.0,0.0,40,-120
425,2007-03-02,1,61,,-1.0,-3.56,1.56,0.0762,0.0,40,-120
426,2007-03-03,1,62,,2.69,0.17,5.22,0.1524,0.0,40,-120
427,2007-03-04,1,63,,4.83,1.28,8.39,0.0,0.0,40,-120
428,2007-03-05,1,64,,7.58,2.72,12.44,0.0,0.0,40,-120
429,2007-03-06,1,65,,8.19,2.22,14.17,0.0,0.0,40,-120
430,2007-03-07,1,66,,7.97,1.78,14.17,0.0,0.0,40,-120
431,2007-03-08,1,67,,7.78,3.61,11.94,0.0,0.0,40,-120
432,2007-03-09,1,68,,7.69,1.39,14.0,0.0,0.0,40,-120
433,2007-03-10,1,69,,9.0,3.06,14.94,0.025400000000000002,0.0,40,-120
434,2007-03-11,1,70,,17.03,12.22,21.83,0.0,0.0,40,-120
435,2007-03-12,1,71,,12.08,4.67,19.5,0.0,0.0,40,-120
436,2007-03-13,1,72,,6.86,1.39,12.33,0.0,0.0,40,-120
437,2007-03-14,1,73,,7.11,0.39,13.83,0.0,0.0,40,-120
438,2007-03-15,1,74,,3.69,-2.22,9.61,0.0,0.0,40,-120
439,2007-03-16,1,75,,9.61,2.67,16.56,0.0,0.0,40,-120
440,2007-03-17,1,76,,12.94,2.17,23.72,0.0,0.0,40,-120
441,2007-03-18,1,77,,12.89,5.11,20.67,0.0,0.0,40,-120
442,2007-03-19,1,78,,13.75,8.0,19.5,0.20320000000000002,0.0,40,-120
443,2007-03-20,1,79,,5.72,-1.39,12.83,0.0,0.0,40,-120
444,2007-03-21,1,80,,4.08,-3.5,11.67,0.0,0.0,40,-120
445,2007-03-22,1,81,,9.47,2.94,16.0,0.025400000000000002,0.0,40,-120
446,2007-03-23,1,82,,8.83,2.11,15.56,0.025400000000000002,0.0,40,-120
447,2007-03-24,1,83,,14.39,10.67,18.11,0.3048,0.0,40,-120
448,2007-03-25,1,84,,8.53,1.61,15.44,0.0,0.0,40,-120
449,2007-03-26,1,85,,4.72,-1.39,10.83,0.5588,0.0,40,-120
450,2007-03-27,1,86,,8.72,3.06,14.39,0.5842,0.0,40,-120
451,2007-03-28,1,87,,6.78,-0.06,13.61,0.025400000000000002,0.0,40,-120
452,2007-03-29,1,88,,8.06,0.39,15.72,0.0,0.0,40,-120
453,2007-03-30,1,89,,10.81,2.06,19.56,0.0,0.0,40,-120
454,2007-03-31,1,90,,9.33,3.28,15.39,0.0,0.0,40,-120
455,2007-04-01,1,91,,6.0,-1.56,13.56,0.0,0.0,40,-120
456,2007-04-02,1,92,,4.5,-2.61,11.61,0.0,0.0,40,-120
457,2007-04-03,1,93,,4.28,-2.67,11.22,0.0,0.0,40,-120
458,2007-04-04,1,94,,10.08,5.78,14.39,0.0,0.0,40,-120
459,2007-04-05,1,95,,10.33,2.67,18.0,0.0,0.0,40,-120
460,2007-04-06,1,96,,12.25,3.33,21.17,0.0,0.0,40,-120
461,2007-04-07,1,97,,13.03,8.61,17.44,0.0,0.0,40,-120
462,2007-04-08,1,98,,14.11,8.22,20.0,0.050800000000000005,0.0,40,-120
463,2007-04-09,1,99,,8.31,3.39,13.22,0.10160000000000001,0.0,40,-120
464,2007-04-10,1,100,,7.53,0.06,15.0,0.0,0.0,40,-120
465,2007-04-11,1,101,,7.08,-0.22,14.39,0.025400000000000002,0.0,40,-120
466,2007-04-12,1,102,,9.08,1.5,16.67,0.10160000000000001,0.0,40,-120
467,2007-04-13,1,103,,9.97,2.0,17.94,0.0,0.0,40,-120
468,2007-04-14,1,104,,8.08,3.33,12.83,0.1524,0.0,40,-120
469,2007-04-15,1,105,,7.89,0.78,15.0,0.025400000000000002,0.0,40,-120
470,2007-04-16,1,106,,9.53,2.61,16.44,0.0,0.0,40,-120
471,2007-04-17,1,107,,8.89,2.78,15.0,0.0,0.0,40,-120
472,2007-04-18,1,108,,7.64,-0.28,15.56,0.0,0.0,40,-120
473,2007-04-19,1,109,,7.08,-0.44,14.61,0.0,0.0,40,-120
474,2007-04-20,1,110,,8.42,-0.39,17.22,0.0,0.0,40,-120
475,2007-04-21,1,111,,10.56,6.61,14.5,0.0,0.0,40,-120
476,2007-04-22,1,112,,11.25,6.17,16.33,0.025400000000000002,0.0,40,-120
477,2007-04-23,1,113,,12.36,3.22,21.5,0.0,0.0,40,-120
478,2007-04-24,1,114,,14.17,6.5,21.83,0.0,0.0,40,-120
479,2007-04-25,1,115,,11.83,5.33,18.33,0.0,0.0,40,-120
480,2007-04-26,1,116,,11.97,4.06,19.89,0.0,0.0,40,-120
481,2007-04-27,1,117,,16.53,7.89,25.17,0.0,0.0,40,-120
482,2007-04-28,1,118,,15.25,7.61,22.89,0.0,0.0,40,-120
483,2007-04-29,1,119,,13.75,5.28,22.22,0.0,0.0,40,-120
484,2007-04-30,1,120,,11.25,2.5,20.0,0.0,0.0,40,-120
485,2007-05-01,1,121,,12.78,9.78,15.78,0.025400000000000002,0.0,40,-120
486,2007-05-02,1,122,,10.64,3.94,17.33,0.025400000000000002,0.0,40,-120
487,2007-05-03,1,123,,8.14,0.39,15.89,0.0,0.0,40,-120
488,2007-05-04,1,124,,8.39,1.39,15.39,0.0,0.0,40,-120
489,2007-05-05,1,125,,9.67,0.78,18.56,0.0,0.0,40,-120
490,2007-05-06,1,126,,13.89,3.5,24.28,0.0,0.0,40,-120
491,2007-05-07,1,127,,18.67,9.11,28.22,0.0,0.0,40,-120
492,2007-05-08,1,128,,20.36,8.61,32.11,0.0,0.0,40,-120
493,2007-05-09,1,129,,14.97,5.94,24.0,0.0,0.0,40,-120
494,2007-05-10,1,130,,17.17,7.44,26.89,0.0,0.0,40,-120
495,2007-05-11,1,131,,16.72,7.5,25.94,0.0,0.0,40,-120
496,2007-05-12,1,132,,18.11,9.39,26.83,0.0,0.0,40,-120
497,2007-05-13,1,133,,14.0,6.11,21.89,0.0,0.0,40,-120
498,2007-05-14,1,134,,14.44,4.44,24.44,0.0,0.0,40,-120
499,2007-05-15,1,135,,18.72,8.33,29.11,0.0,0.0,40,-120
500,2007-05-16,0,136,,19.31,10.33,28.28,0.0,0.0,40,-120
501,2007-05-17,0,137,,17.06,7.61,26.5,0.0,0.0,40,-120
502,2007-05-18,0,138,,16.53,6.06,27.0,0.0,0.0,40,-120
503,2007-05-19,0,139,,13.36,7.61,19.11,0.0,0.0,40,-120
504,2007-05-20,0,140,,12.08,6.61,17.56,0.0,0.0,40,-120
505,2007-05-21,0,141,,12.31,3.56,21.06,0.025400000000000002,0.0,40,-120
506,2007-05-22,0,142,,14.39,6.44,22.33,0.0,0.0,40,-120
507,2007-05-23,0,143,,15.25,5.44,25.06,0.0,0.0,40,-120
508,2007-05-24,0,144,,16.39,6.28,26.5,0.0,0.0,40,-120
509,2007-05-25,0,145,,16.61,9.17,24.06,0.0,0.0,40,-120
510,2007-05-26,0,146,,19.08,10.11,28.06,0.0,0.0,40,-120
511,2007-05-27,0,147,,15.14,6.0,24.28,0.0,0.0,40,-120
512,2007-05-28,0,148,,12.83,3.06,22.61,0.0,0.0,40,-120
513,2007-05-29,0,149,,16.33,6.67,26.0,0.0,0.0,40,-120
514,2007-05-30,0,150,,19.31,8.56,30.06,0.0,0.0,40,-120
515,2007-05-31,0,151,,21.42,10.83,32.0,0.0,0.0,40,-120
516,2007-06-01,0,152,,-100.0,-100.0,-100.0,,,40,-120
517,2007-06-02,0,153,,-100.0,-100.0,-100.0,,,40,-120
518,2007-06-03,0,154,,-100.0,-100.0,-100.0,,,40,-120
519,2007-06-04,0,155,,-100.0,-100.0,-100.0,,,40,-120
520,2007-06-05,0,156,,-100.0,-100.0,-100.0,,,40,-120
521,2007-06-06,0,157,,-100.0,-100.0,-100.0,,,40,-120
522,2007-06-07,0,158,,-100.0,-100.0,-100.0,,,40,-120
523,2007-06-08,0,159,,-100.0,-100.0,-100.0,,,40,-120
524,2007-06-09,0,160,,-100.0,-100.0,-100.0,,,40,-120
525,2007-06-10,0,161,,-100.0,-100.0,-100.0,,,40,-120
526,2007-06-11,0,162,,13.67,5.11,22.22,0.0,0.0,40,-120
527,2007-06-12,0,163,,14.72,5.39,24.06,0.0,0.0,40,-120
528,2007-06-13,0,164,,17.69,10.44,24.94,0.0,0.0,40,-120
529,2007-06-14,0,165,,16.25,7.61,24.89,0.0,0.0,40,-120
530,2007-06-15,0,166,,17.97,11.33,24.61,0.0,0.0,40,-120
531,2007-06-16,0,167,,16.36,9.17,23.56,0.025400000000000002,0.0,40,-120
532,2007-06-17,0,168,,15.83,6.5,25.17,0.0,0.0,40,-120
533,2007-06-18,0,169,,16.86,7.94,25.78,0.0,0.0,40,-120
534,2007-06-19,0,170,,20.06,9.39,30.72,0.0,0.0,40,-120
535,2007-06-20,0,171,,23.11,12.78,33.44,0.0,0.0,40,-120
536,2007-06-21,0,172,,-100.0,-100.0,-100.0,,,40,-120
537,2007-06-22,0,173,,-100.0,-100.0,-100.0,,,40,-120
538,2007-06-23,0,174,,-100.0,-100.0,-100.0,,,40,-120
539,2007-06-24,0,175,,-100.0,-100.0,-100.0,,,40,-120
540,2007-06-25,0,176,,-100.0,-100.0,-100.0,,,40,-120
541,2007-06-26,0,177,,-100.0,-100.0,-100.0,,,40,-120
542,2007-06-27,0,178,,-100.0,-100.0,-100.0,,,40,-120
543,2007-06-28,0,179,,-100.0,-100.0,-100.0,,,40,-120
544,2007-06-29,0,180,,-100.0,-100.0,-100.0,,,40,-120
545,2007-06-30,0,181,,-100.0,-100.0,-100.0,,,40,-120
546,2007-07-01,0,182,,-100.0,-100.0,-100.0,,,40,-120
547,2007-07-02,0,183,,-100.0,-100.0,-100.0,,,40,-120
548,2007-07-03,0,184,,-100.0,-100.0,-100.0,,,40,-120
549,2007-07-04,0,185,,-100.0,-100.0,-100.0,,,40,-120
550,2007-07-05,0,186,,-100.0,-100.0,-100.0,,,40,-120
551,2007-07-06,0,187,,-100.0,-100.0,-100.0,,,40,-120
552,2007-07-07,0,188,,-100.0,-100.0,-100.0,,,40,-120
553,2007-07-08,0,189,,-100.0,-100.0,-100.0,,,40,-120
554,2007-07-09,0,190,,-100.0,-100.0,-100.0,,,40,-120
555,2007-07-10,0,191,,-100.0,-100.0,-100.0,,,40,-120
556,2007-07-11,0,192,,-100.0,-100.0,-100.0,,,40,-120
557,2007-07-12,0,193,,-100.0,-100.0,-100.0,,,40,-120
558,2007-07-13,0,194,,-100.0,-100.0,-100.0,,,40,-120
559,2007-07-14,0,195,,-100.0,-100.0,-100.0,,,40,-120
560,2007-07-15,0,196,,-100.0,-100.0,-100.0,,,40,-120
561,2007-07-16,0,197,,-100.0,-100.0,-100.0,,,40,-120
562,2007-07-17,0,198,,-100.0,-100.0,-100.0,,,40,-120
563,2007-07-18,0,199,,-100.0,-100.0,-100.0,,,40,-120
564,2007-07-19,0,200,,-100.0,-100.0,-100.0,,,40,-120
565,2007-07-20,0,201,,19.56,12.83,26.28,0.0,0.0,40,-120
566,2007-07-21,0,202,,21.44,13.28,29.61,0.0,0.0,40,-120
567,2007-07-22,0,203,,24.78,15.61,33.94,0.0,0.0,40,-120
568,2007-07-23,0,204,,26.11,17.06,35.17,0.0,0.0,40,-120
569,2007-07-24,0,205,,21.94,14.11,29.78,0.0,0.0,40,-120
570,2007-07-25,0,206,,21.5,11.0,32.0,0.0,0.0,40,-120
571,2007-07-26,0,207,,25.28,13.78,36.78,0.0,0.0,40,-120
572,2007-07-27,0,208,,25.03,14.72,35.33,0.0,0.0,40,-120
573,2007-07-28,0,209,,23.64,13.11,34.17,0.0,0.0,40,-120
574,2007-07-29,0,210,,22.5,13.56,31.44,0.0,0.0,40,-120
575,2007-07-30,0,211,,20.08,10.67,29.5,0.0,0.0,40,-120
576,2007-07-31,0,212,,20.75,10.17,31.33,0.0,0.0,40,-120
577,2007-08-01,0,213,,23.72,13.67,33.78,0.0,0.0,40,-120
578,2007-08-02,0,214,,25.22,14.11,36.33,0.0,0.0,40,-120
579,2007-08-03,0,215,,22.03,12.22,31.83,0.0,0.0,40,-120
580,2007-08-04,0,216,,18.69,9.17,28.22,0.0,0.0,40,-120
581,2007-08-05,0,217,,20.17,10.83,29.5,0.0,0.0,40,-120
582,2007-08-06,0,218,,22.58,13.22,31.94,0.0,0.0,40,-120
583,2007-08-07,0,219,,20.72,11.56,29.89,0.0,0.0,40,-120
584,2007-08-08,0,220,,20.08,11.78,28.39,0.0,0.0,40,-120
585,2007-08-09,0,221,,19.33,9.83,28.83,0.0,0.0,40,-120
586,2007-08-10,0,222,,17.0,8.11,25.89,0.0,0.0,40,-120
587,2007-08-11,0,223,,18.28,7.89,28.67,0.0,0.0,40,-120
588,2007-08-12,0,224,,19.28,10.44,28.11,0.0,0.0,40,-120
589,2007-08-13,0,225,,19.47,9.44,29.5,0.0,0.0,40,-120
590,2007-08-14,0,226,,22.5,11.72,33.28,0.0,0.0,40,-120
591,2007-08-15,0,227,,24.92,13.72,36.11,0.0,0.0,40,-120
592,2007-08-16,0,228,,22.42,13.5,31.33,0.0,0.0,40,-120
593,2007-08-17,0,229,,18.67,9.72,27.61,0.0,0.0,40,-120
594,2007-08-18,0,230,,17.75,9.33,26.17,0.0,0.0,40,-120
595,2007-08-19,0,231,,17.08,13.22,20.94,0.0,0.0,40,-120
596,2007-08-20,0,232,,16.19,12.44,19.94,0.0,0.0,40,-120
597,2007-08-21,0,233,,18.83,10.72,26.94,0.0,0.0,40,-120
598,2007-08-22,0,234,,19.83,11.28,28.39,0.0,0.0,40,-120
599,2007-08-23,0,235,,21.03,11.5,30.56,0.0,0.0,40,-120
600,2007-08-24,0,236,,22.06,12.44,31.67,0.0,0.0,40,-120
601,2007-08-25,0,237,,20.94,11.5,30.39,0.0,0.0,40,-120
602,2007-08-26,0,238,,17.31,10.44,24.17,0.0,0.0,40,-120
603,2007-08-27,0,239,,15.92,6.89,24.94,0.0,0.0,40,-120
604,2007-08-28,0,240,,17.92,8.33,27.5,0.0,0.0,40,-120
605,2007-08-29,0,241,,20.36,8.89,31.83,0.0,0.0,40,-120
606,2007-08-30,0,242,,26.19,17.11,35.28,0.0,0.0,40,-120
607,2007-08-31,0,243,,22.83,13.78,31.89,0.0,0.0,40,-120
608,2007-09-01,0,244,,17.94,9.78,26.11,0.0,0.0,40,-120
609,2007-09-02,0,245,,21.58,11.61,31.56,0.0,0.0,40,-120
610,2007-09-03,0,246,,22.06,12.39,31.72,0.0,0.0,40,-120
611,2007-09-04,0,247,,19.67,13.39,25.94,0.0,0.0,40,-120
612,2007-09-05,0,248,,19.89,11.11,28.67,0.0,0.0,40,-120
613,2007-09-06,0,249,,19.72,12.06,27.39,0.0,0.0,40,-120
614,2007-09-07,1,250,,17.72,8.83,26.61,0.0,0.0,40,-120
615,2007-09-08,1,251,,17.94,10.5,25.39,0.0,0.0,40,-120
616,2007-09-09,1,252,,18.67,11.22,26.11,0.0,0.0,40,-120
617,2007-09-10,1,253,,17.64,6.72,28.56,0.0,0.0,40,-120
618,2007-09-11,1,254,,18.89,7.0,30.78,0.0,0.0,40,-120
619,2007-09-12,1,255,,20.69,10.17,31.22,0.0,0.0,40,-120
620,2007-09-13,1,256,,20.08,11.44,28.72,0.0,0.0,40,-120
621,2007-09-14,1,257,,20.69,13.39,28.0,0.0,0.0,40,-120
622,2007-09-15,1,258,,19.69,11.0,28.39,0.0,0.0,40,-120
623,2007-09-16,1,259,,15.86,9.28,22.44,0.0,0.0,40,-120
624,2007-09-17,1,260,,15.69,8.17,23.22,0.0,0.0,40,-120
625,2007-09-18,1,261,,11.94,4.5,19.39,0.0,0.0,40,-120
626,2007-09-19,1,262,,13.25,5.72,20.78,0.0,0.0,40,-120
627,2007-09-20,1,263,,13.31,4.94,21.67,0.0,0.0,40,-120
628,2007-09-21,1,264,,14.25,4.78,23.72,0.0,0.0,40,-120
629,2007-09-22,1,265,,14.56,8.61,20.5,0.0,0.0,40,-120
630,2007-09-23,1,266,,12.06,4.67,19.44,0.0,0.0,40,-120
631,2007-09-24,1,267,,11.81,2.78,20.83,0.0,0.0,40,-120
632,2007-09-25,1,268,,14.19,4.83,23.56,0.0,0.0,40,-120
633,2007-09-26,1,269,,15.72,5.39,26.06,0.0,0.0,40,-120
634,2007-09-27,1,270,,16.33,7.0,25.67,0.0,0.0,40,-120
635,2007-09-28,1,271,,10.25,4.44,16.06,0.0,0.0,40,-120
636,2007-09-29,1,272,,9.5,1.67,17.33,0.0,0.0,40,-120
637,2007-09-30,1,273,,10.19,8.28,12.11,0.0,0.0,40,-120
638,2007-10-01,1,274,,11.58,5.22,17.94,0.0,0.0,40,-120
639,2007-10-02,1,275,,-100.0,-100.0,-100.0,,,40,-120
640,2007-10-03,1,276,,-100.0,-100.0,-100.0,,,40,-120
641,2007-10-04,1,277,,-100.0,-100.0,-100.0,,,40,-120
642,2007-10-05,1,278,,-100.0,-100.0,-100.0,,,40,-120
643,2007-10-06,1,279,,-100.0,-100.0,-100.0,,,40,-120
644,2007-10-07,1,280,,-100.0,-100.0,-100.0,,,40,-120
645,2007-10-08,1,281,,-100.0,-100.0,-100.0,,,40,-120
646,2007-10-09,1,282,,-100.0,-100.0,-100.0,,,40,-120
647,2007-10-10,1,283,,-100.0,-100.0,-100.0,,,40,-120
648,2007-10-11,1,284,,-100.0,-100.0,-100.0,,,40,-120
649,2007-10-12,1,285,,12.75,8.11,17.39,0.0,0.0,40,-120
650,2007-10-13,1,286,,12.5,5.44,19.56,0.0,0.0,40,-120
651,2007-10-14,1,287,,-100.0,-100.0,-100.0,,,40,-120
652,2007-10-15,1,288,,11.08,4.78,17.39,0.0,0.0,40,-120
653,2007-10-16,1,289,,8.97,3.17,14.78,0.0,0.0,40,-120
654,2007-10-17,1,290,,7.92,1.33,14.5,0.0,0.0,40,-120
655,2007-10-18,1,291,,9.61,2.89,16.33,0.0,0.0,40,-120
656,2007-10-19,1,292,,11.31,6.83,15.78,0.0,0.0,40,-120
657,2007-10-20,1,293,,8.39,3.72,13.06,0.0,0.0,40,-120
658,2007-10-21,1,294,,7.64,1.5,13.78,0.0,0.0,40,-120
659,2007-10-22,1,295,,14.89,7.5,22.28,0.0,0.0,40,-120
660,2007-10-23,1,296,,12.86,5.61,20.11,0.0,0.0,40,-120
661,2007-10-24,1,297,,13.97,5.89,22.06,0.0,0.0,40,-120
662,2007-10-25,1,298,,7.36,0.67,14.06,0.0,0.0,40,-120
663,2007-10-26,1,299,,6.47,-0.39,13.33,0.0,0.0,40,-120
664,2007-10-27,1,300,,4.36,-2.33,11.06,0.0,0.0,40,-120
665,2007-10-28,1,301,,5.64,-1.78,13.06,0.0,0.0,40,-120
666,2007-10-29,1,302,,5.06,-0.61,10.72,0.0,0.0,40,-120
667,2007-10-30,1,303,,6.58,-0.83,14.0,0.0,0.0,40,-120
668,2007-10-31,1,304,,4.83,-3.0,12.67,0.0,0.0,40,-120
669,2007-11-01,1,305,,6.94,-0.78,14.67,0.0,0.0,40,-120
670,2007-11-02,1,306,,4.39,-3.5,12.28,0.0,0.0,40,-120
671,2007-11-03,1,307,,7.0,-1.78,15.78,0.0,0.0,40,-120
672,2007-11-04,1,308,,11.36,1.94,20.78,0.0,0.0,40,-120
673,2007-11-05,1,309,,7.83,1.0,14.67,0.0,0.0,40,-120
674,2007-11-06,1,310,,6.53,-0.5,13.56,0.0,0.0,40,-120
675,2007-11-07,1,311,,8.78,2.94,14.61,0.0,0.0,40,-120
676,2007-11-08,1,312,,7.69,1.83,13.56,0.0,0.0,40,-120
677,2007-11-09,1,313,,9.06,2.11,16.0,0.0,0.0,40,-120
678,2007-11-10,1,314,,7.42,0.0,14.83,0.0,0.0,40,-120
679,2007-11-11,1,315,,5.64,-1.28,12.56,0.0,0.0,40,-120
680,2007-11-12,1,316,,10.64,4.33,16.94,0.0,0.0,40,-120
681,2007-11-13,1,317,,5.67,-0.44,11.78,0.0,0.0,40,-120
682,2007-11-14,1,318,,-0.19,-5.0,4.61,0.0,0.0,40,-120
683,2007-11-15,1,319,,5.17,1.22,9.11,0.0,0.0,40,-120
684,2007-11-16,1,320,,10.81,6.5,15.11,0.0,0.0,40,-120
685,2007-11-17,1,321,,9.58,6.0,13.17,0.0,0.0,40,-120
686,2007-11-18,1,322,,3.22,0.06,6.39,0.0,0.0,40,-120
687,2007-11-19,1,323,,2.58,0.06,5.11,0.0,0.0,40,-120
688,2007-11-20,1,324,,1.75,-2.67,6.17,0.0,0.0,40,-120
689,2007-11-21,1,325,,-0.19,-4.56,4.17,0.0,0.0,40,-120
690,2007-11-22,1,326,,-2.14,-6.06,1.78,0.0,0.0,40,-120
691,2007-11-23,1,327,,-3.42,-5.44,-1.39,0.0,0.0,40,-120
692,2007-11-24,1,328,,-1.58,-2.44,-0.72,0.0,0.0,40,-120
693,2007-11-25,1,329,,-1.89,-2.28,-1.5,0.0,0.0,40,-120
694,2007-11-26,1,330,,-1.97,-2.44,-1.5,0.0,0.0,40,-120
695,2007-11-27,1,331,,1.69,-5.39,8.78,0.0,0.0,40,-120
696,2007-11-28,1,332,,0.39,-2.83,3.61,0.0,0.0,40,-120
697,2007-11-29,1,333,,0.19,-1.17,1.56,0.0,0.0,40,-120
698,2007-11-30,1,334,,-1.67,-4.0,0.67,0.0,0.0,40,-120
699,2007-12-01,1,335,,-1.33,-4.39,1.72,0.0,0.0,40,-120
700,2007-12-02,1,336,,3.83,0.11,7.56,0.0,0.0,40,-120
701,2007-12-03,1,337,,11.14,6.56,15.72,0.0,0.0,40,-120
702,2007-12-04,1,338,,11.44,7.39,15.5,0.0,0.0,40,-120
703,2007-12-05,1,339,,5.14,0.5,9.78,0.0,0.0,40,-120
704,2007-12-06,1,340,,1.03,-0.61,2.67,0.0,0.0,40,-120
705,2007-12-07,1,341,,2.47,0.28,4.67,0.0,0.0,40,-120
706,2007-12-08,1,342,,-0.67,-4.83,3.5,0.0,0.0,40,-120
707,2007-12-09,1,343,,-3.94,-5.61,-2.28,0.0,0.0,40,-120
708,2007-12-10,1,344,,-4.17,-6.11,-2.22,0.0,0.0,40,-120
709,2007-12-11,1,345,,-3.42,-4.28,-2.56,0.0,0.0,40,-120
710,2007-12-12,1,346,,-2.92,-4.67,-1.17,0.0,0.0,40,-120
711,2007-12-13,1,347,,-3.94,-6.39,-1.5,0.0,0.0,40,-120
712,2007-12-14,1,348,,-1.78,-2.89,-0.67,0.0,0.0,40,-120
713,2007-12-15,1,349,,1.61,-2.56,5.78,0.0,0.0,40,-120
714,2007-12-16,1,350,,2.5,0.0,5.0,0.0,0.0,40,-120
715,2007-12-17,1,351,,2.58,-1.0,6.17,0.0,0.0,40,-120
716,2007-12-18,1,352,,3.58,0.83,6.33,0.0,0.0,40,-120
717,2007-12-19,1,353,,7.14,4.56,9.72,0.0,0.0,40,-120
718,2007-12-20,1,354,,3.22,-1.56,8.0,0.0,0.0,40,-120
719,2007-12-21,1,355,,0.81,-4.06,5.67,0.0,0.0,40,-120
720,2007-12-22,1,356,,1.19,-1.72,4.11,0.0,0.0,40,-120
721,2007-12-23,1,357,,-0.58,-2.89,1.72,0.0,0.0,40,-120
722,2007-12-24,1,358,,2.56,-2.22,7.33,0.0,0.0,40,-120
723,2007-12-25,1,359,,-0.56,-3.17,2.06,0.0,0.0,40,-120
724,2007-12-26,1,360,,1.08,-3.06,5.22,0.0,0.0,40,-120
725,2007-12-27,1,361,,-1.78,-4.56,1.0,0.0,0.0,40,-120
726,2007-12-28,1,362,,0.19,-5.5,5.89,0.0,0.0,40,-120
727,2007-12-29,1,363,,-0.19,-3.61,3.22,0.0,0.0,40,-120
728,2007-12-30,1,364,,2.17,-1.44,5.78,0.0,0.0,40,-120
729,2007-12-31,1,365,,-2.61,-2.61,-2.61,0.0,0.0,40,-120
730,2008-01-01,1,1,,-1.86,-4.5,0.78,0.0,0.0,40,-120
731,2008-01-02,1,2,,-1.78,-3.61,0.06,0.0,0.0,40,-120
732,2008-01-03,1,3,,-0.81,-2.39,0.78,0.0,0.0,40,-120
733,2008-01-04,1,4,,2.78,-3.11,8.67,0.40640000000000004,0.0,40,-120
734,2008-01-05,1,5,,4.81,1.72,7.89,0.025400000000000002,0.0,40,-120
735,2008-01-06,1,6,,1.19,-2.5,4.89,0.0,0.0,40,-120
736,2008-01-07,1,7,,2.03,-1.0,5.06,0.0762,0.0,40,-120
737,2008-01-08,1,8,,0.78,-0.33,1.89,0.381,0.0,40,-120
738,2008-01-09,1,9,,-1.36,-6.33,3.61,0.5334,0.0,40,-120
739,2008-01-10,1,10,,3.17,-0.78,7.11,0.0762,0.0,40,-120
740,2008-01-11,1,11,,6.44,1.11,11.78,0.0,0.0,40,-120
741,2008-01-12,1,12,,0.78,-1.61,3.17,0.1778,0.0,40,-120
742,2008-01-13,1,13,,0.06,-1.22,1.33,0.0,0.0,40,-120
743,2008-01-14,1,14,,1.14,-1.5,3.78,0.025400000000000002,0.0,40,-120
744,2008-01-15,1,15,,0.58,-3.0,4.17,0.0,0.0,40,-120
745,2008-01-16,1,16,,-1.94,-6.56,2.67,0.0,0.0,40,-120
746,2008-01-17,1,17,,-1.19,-5.11,2.72,0.0,0.0,40,-120
747,2008-01-18,1,18,,-0.06,-5.72,5.61,0.0,0.0,40,-120
748,2008-01-19,1,19,,0.81,-2.72,4.33,0.0,0.0,40,-120
749,2008-01-20,1,20,,-1.86,-4.0,0.28,0.0,0.0,40,-120
750,2008-01-21,1,21,,-6.28,-10.33,-2.22,0.0,0.0,40,-120
751,2008-01-22,1,22,,-7.31,-11.72,-2.89,0.0,0.0,40,-120
752,2008-01-23,1,23,,-7.75,-12.28,-3.22,0.0,0.0,40,-120
753,2008-01-24,1,24,,-8.22,-13.39,-3.06,0.0,0.0,40,-120
754,2008-01-25,1,25,,-5.92,-10.0,-1.83,0.0,0.0,40,-120
755,2008-01-26,1,26,,-7.58,-10.78,-4.39,0.0,0.0,40,-120
756,2008-01-27,1,27,,-3.08,-4.89,-1.28,0.0,0.0,40,-120
757,2008-01-28,1,28,,-2.56,-6.78,1.67,1.016,0.0,40,-120
758,2008-01-29,1,29,,1.25,-2.5,5.0,0.2286,0.0,40,-120
759,2008-01-30,1,30,,0.06,-6.39,6.5,0.0,0.0,40,-120
760,2008-01-31,1,31,,3.86,1.61,6.11,0.0,0.0,40,-120
761,2008-02-01,1,32,,2.42,-1.06,5.89,0.0,0.0,40,-120
762,2008-02-02,1,33,,1.36,-0.28,3.0,0.381,0.0,40,-120
763,2008-02-03,1,34,,0.92,-0.61,2.44,0.254,0.0,40,-120
764,2008-02-04,1,35,,-0.17,-4.56,4.22,0.0,0.0,40,-120
765,2008-02-05,1,36,,3.39,0.0,6.78,0.10160000000000001,0.0,40,-120
766,2008-02-06,1,37,,2.89,-0.39,6.17,0.0,0.0,40,-120
767,2008-02-07,1,38,,5.64,2.67,8.61,0.0,0.0,40,-120
768,2008-02-08,1,39,,6.61,3.39,9.83,0.0,0.0,40,-120
769,2008-02-09,1,40,,6.56,2.44,10.67,0.0,0.0,40,-120
770,2008-02-10,1,41,,8.67,4.39,12.94,0.0,0.0,40,-120
771,2008-02-11,1,42,,6.78,2.28,11.28,0.0,0.0,40,-120
772,2008-02-12,1,43,,7.56,3.22,11.89,0.0,0.0,40,-120
773,2008-02-13,1,44,,4.53,-0.83,9.89,0.0,0.0,40,-120
774,2008-02-14,1,45,,2.86,-3.22,8.94,0.0,0.0,40,-120
775,2008-02-15,1,46,,3.94,-0.83,8.72,0.0,0.0,40,-120
776,2008-02-16,1,47,,4.72,-2.33,11.78,0.0,0.0,40,-120
777,2008-02-17,1,48,,2.89,-1.78,7.56,0.0,0.0,40,-120
778,2008-02-18,1,49,,2.14,-3.83,8.11,0.0,0.0,40,-120
779,2008-02-19,1,50,,2.67,-3.28,8.61,0.0,0.0,40,-120
780,2008-02-20,1,51,,3.64,-1.39,8.67,0.0,0.0,40,-120
781,2008-02-21,1,52,,4.5,-1.61,10.61,0.0,0.0,40,-120
782,2008-02-22,1,53,,6.25,1.5,11.0,0.050800000000000005,0.0,40,-120
783,2008-02-23,1,54,,5.11,-1.17,11.39,0.0,0.0,40,-120
784,2008-02-24,1,55,,6.25,3.89,8.61,0.1524,0.0,40,-120
785,2008-02-25,1,56,,7.53,3.06,12.0,0.0762,0.0,40,-120
786,2008-02-26,1,57,,5.83,1.17,10.5,0.0,0.0,40,-120
787,2008-02-27,1,58,,6.14,1.17,11.11,0.050800000000000005,0.0,40,-120
788,2008-02-28,1,59,,10.44,4.56,16.33,0.0,0.0,40,-120
789,2008-02-29,1,60,,10.83,5.0,16.67,0.0,0.0,40,-120
790,2008-03-01,1,61,,6.14,0.72,11.56,0.0,0.0,40,-120
791,2008-03-02,1,62,,4.11,-2.28,10.5,0.0,0.0,40,-120
792,2008-03-03,1,63,,7.31,1.94,12.67,0.0,0.0,40,-120
793,2008-03-04,1,64,,6.08,-0.83,13.0,0.0,0.0,40,-120
794,2008-03-05,1,65,,4.58,-3.56,12.72,0.0,0.0,40,-120
795,2008-03-06,1,66,,5.89,-3.33,15.11,0.0,0.0,40,-120
796,2008-03-07,1,67,,6.42,1.44,11.39,0.127,0.0,40,-120
797,2008-03-08,1,68,,8.89,2.44,15.33,0.0762,0.0,40,-120
798,2008-03-09,1,69,,8.44,2.56,14.33,0.0,0.0,40,-120
799,2008-03-10,1,70,,8.89,3.67,14.11,0.1524,0.0,40,-120
800,2008-03-11,1,71,,7.92,3.22,12.61,0.127,0.0,40,-120
801,2008-03-12,1,72,,5.69,0.11,11.28,0.0,0.0,40,-120
802,2008-03-13,1,73,,6.75,3.11,10.39,0.6096,0.0,40,-120
803,2008-03-14,1,74,,6.19,0.83,11.56,0.0,0.0,40,-120
804,2008-03-15,1,75,,5.83,0.06,11.61,0.025400000000000002,0.0,40,-120
805,2008-03-16,1,76,,4.72,-2.0,11.44,0.0,0.0,40,-120
806,2008-03-17,1,77,,7.56,0.78,14.33,0.0,0.0,40,-120
807,2008-03-18,1,78,,8.33,1.33,15.33,0.0,0.0,40,-120
808,2008-03-19,1,79,,5.03,0.72,9.33,0.0,0.0,40,-120
809,2008-03-20,1,80,,3.89,-1.78,9.56,0.0,0.0,40,-120
810,2008-03-21,1,81,,4.44,-1.72,10.61,0.0,0.0,40,-120
811,2008-03-22,1,82,,4.61,-3.06,12.28,0.0,0.0,40,-120
812,2008-03-23,1,83,,7.75,1.06,14.44,0.0,0.0,40,-120
813,2008-03-24,1,84,,4.03,-1.94,10.0,0.0,0.0,40,-120
814,2008-03-25,1,85,,4.14,-3.56,11.83,0.0,0.0,40,-120
815,2008-03-26,1,86,,6.33,2.44,10.22,0.0,0.0,40,-120
816,2008-03-27,1,87,,3.94,-2.17,10.06,0.0,0.0,40,-120
817,2008-03-28,1,88,,2.5,-2.33,7.33,0.0,0.0,40,-120
818,2008-03-29,1,89,,3.39,-2.83,9.61,0.0,0.0,40,-120
819,2008-03-30,1,90,,3.14,-1.61,7.89,0.0,0.0,40,-120
820,2008-03-31,1,91,,3.31,-3.72,10.33,0.0,0.0,40,-120
821,2008-04-01,1,92,,3.39,-3.72,10.5,0.0,0.0,40,-120
822,2008-04-02,1,93,,5.81,-1.17,12.78,0.0,0.0,40,-120
823,2008-04-03,1,94,,7.89,-1.28,17.06,0.0,0.0,40,-120
824,2008-04-04,1,95,,7.42,3.28,11.56,0.0,0.0,40,-120
825,2008-04-05,1,96,,5.39,-1.94,12.72,0.0,0.0,40,-120
826,2008-04-06,1,97,,8.0,1.83,14.17,0.025400000000000002,0.0,40,-120
827,2008-04-07,1,98,,6.14,0.0,12.28,0.0,0.0,40,-120
828,2008-04-08,1,99,,4.94,0.0,9.89,0.0,0.0,40,-120
829,2008-04-09,1,100,,5.67,-2.5,13.83,0.0,0.0,40,-120
830,2008-04-10,1,101,,9.69,3.33,16.06,0.0,0.0,40,-120
831,2008-04-11,1,102,,9.5,0.22,18.78,0.0,0.0,40,-120
832,2008-04-12,1,103,,13.31,3.28,23.33,0.0,0.0,40,-120
833,2008-04-13,1,104,,16.28,6.22,26.33,0.0,0.0,40,-120
834,2008-04-14,1,105,,9.36,2.94,15.78,0.025400000000000002,0.0,40,-120
835,2008-04-15,1,106,,4.81,-1.67,11.28,0.0,0.0,40,-120
836,2008-04-16,1,107,,7.31,-1.11,15.72,0.0,0.0,40,-120
837,2008-04-17,1,108,,10.58,1.78,19.39,0.0,0.0,40,-120
838,2008-04-18,1,109,,5.44,-0.28,11.17,0.0,0.0,40,-120
839,2008-04-19,1,110,,3.14,-3.22,9.5,0.0,0.0,40,-120
840,2008-04-20,1,111,,3.53,-1.61,8.67,0.0,0.0,40,-120
841,2008-04-21,1,112,,4.31,-2.0,10.61,0.025400000000000002,0.0,40,-120
842,2008-04-22,1,113,,8.19,2.39,14.0,0.0,0.0,40,-120
843,2008-04-23,1,114,,8.31,3.28,13.33,0.254,0.0,40,-120
844,2008-04-24,1,115,,6.94,0.17,13.72,0.0,0.0,40,-120
845,2008-04-25,1,116,,7.11,-0.5,14.72,0.0,0.0,40,-120
846,2008-04-26,1,117,,9.33,0.5,18.17,0.0,0.0,40,-120
847,2008-04-27,1,118,,13.44,5.22,21.67,0.0,0.0,40,-120
848,2008-04-28,1,119,,14.39,5.94,22.83,0.0,0.0,40,-120
849,2008-04-29,1,120,,9.28,3.61,14.94,0.0,0.0,40,-120
850,2008-04-30,1,121,,7.47,0.78,14.17,0.0,0.0,40,-120
851,2008-05-01,1,122,,7.97,0.33,15.61,0.0,0.0,40,-120
852,2008-05-02,1,123,,10.22,1.22,19.22,0.0,0.0,40,-120
853,2008-05-03,1,124,,11.75,6.44,17.06,0.7874,0.0,40,-120
854,2008-05-04,1,125,,13.56,5.94,21.17,0.0,0.0,40,-120
855,2008-05-05,1,126,,16.08,7.89,24.28,0.0,0.0,40,-120
856,2008-05-06,1,127,,14.64,8.0,21.28,0.0,0.0,40,-120
857,2008-05-07,1,128,,13.08,5.11,21.06,0.0,0.0,40,-120
858,2008-05-08,1,129,,10.58,3.61,17.56,0.0,0.0,40,-120
859,2008-05-09,1,130,,10.5,2.61,18.39,0.0,0.0,40,-120
860,2008-05-10,1,131,,15.06,9.5,20.61,0.0,0.0,40,-120
861,2008-05-11,1,132,,10.83,5.0,16.67,0.0,0.0,40,-120
862,2008-05-12,1,133,,10.92,3.17,18.67,0.0,0.0,40,-120
863,2008-05-13,1,134,,13.19,8.61,17.78,0.0,0.0,40,-120
864,2008-05-14,1,135,,18.14,11.83,24.44,0.0,0.0,40,-120
865,2008-05-15,1,136,,19.44,11.33,27.56,0.0,0.0,40,-120
866,2008-05-16,0,137,,22.53,10.83,34.22,0.0,28740000.0,40,-120
867,2008-05-17,0,138,,24.69,12.39,37.0,0.0,29410000.0,40,-120
868,2008-05-18,0,139,,25.81,16.89,34.72,0.0,28510000.0,40,-120
869,2008-05-19,0,140,,22.97,12.39,33.56,0.0,25920000.0,40,-120
870,2008-05-20,0,141,,16.19,11.33,21.06,0.0,13200000.0,40,-120
871,2008-05-21,0,142,,15.22,10.28,20.17,0.0,19800000.0,40,-120
872,2008-05-22,0,143,,16.11,9.5,22.72,0.0,24330000.0,40,-120
873,2008-05-23,0,144,,17.06,11.89,22.22,0.10160000000000001,16120000.000000002,40,-120
874,2008-05-24,0,145,,17.06,8.5,25.61,0.0,28350000.0,40,-120
875,2008-05-25,0,146,,18.86,14.56,23.17,0.3048,19430000.0,40,-120
876,2008-05-26,0,147,,19.0,11.17,26.83,0.050800000000000005,28140000.0,40,-120
877,2008-05-27,0,148,,19.75,14.28,25.22,0.127,19780000.0,40,-120
878,2008-05-28,0,149,,19.75,14.89,24.61,0.0,15370000.0,40,-120
879,2008-05-29,0,150,,18.31,12.83,23.78,0.0,22750000.0,40,-120
880,2008-05-30,0,151,,19.11,11.11,27.11,0.0,30230000.0,40,-120
881,2008-05-31,0,152,,18.0,9.28,26.72,0.0,23620000.0,40,-120
882,2008-06-01,0,153,,18.22,11.83,24.61,0.0,29900000.0,40,-120
883,2008-06-02,0,154,,17.06,9.72,24.39,0.0,30730000.0,40,-120
884,2008-06-03,0,155,,14.81,9.89,19.72,0.5842,13570000.0,40,-120
885,2008-06-04,0,156,,14.67,7.5,21.83,0.0,31520000.0,40,-120
886,2008-06-05,0,157,,13.92,9.06,18.78,0.0,14700000.0,40,-120
887,2008-06-06,0,158,,14.06,9.94,18.17,0.0,22000000.0,40,-120
888,2008-06-07,0,159,,15.22,8.89,21.56,0.0,30230000.0,40,-120
889,2008-06-08,0,160,,17.53,8.61,26.44,0.0,31250000.0,40,-120
890,2008-06-09,0,161,,16.19,9.17,23.22,0.0,26780000.0,40,-120
891,2008-06-10,0,162,,11.31,8.33,14.28,0.2286,10110000.0,40,-120
892,2008-06-11,0,163,,15.22,9.11,21.33,0.025400000000000002,28440000.0,40,-120
893,2008-06-12,0,164,,18.44,8.72,28.17,0.0,31760000.0,40,-120
894,2008-06-13,0,165,,19.25,8.72,29.78,0.0,31830000.0,40,-120
895,2008-06-14,0,166,,17.69,8.17,27.22,0.0,32450000.000000004,40,-120
896,2008-06-15,0,167,,18.81,8.89,28.72,0.0,32540000.0,40,-120
897,2008-06-16,0,168,,20.72,9.22,32.22,0.0,32580000.0,40,-120
898,2008-06-17,0,169,,19.69,12.28,27.11,0.0,32420000.0,40,-120
899,2008-06-18,0,170,,16.75,6.94,26.56,0.0,32299999.999999996,40,-120
900,2008-06-19,0,171,,18.28,6.61,29.94,0.0,31320000.0,40,-120
901,2008-06-20,0,172,,21.69,10.56,32.83,0.0,27870000.0,40,-120
902,2008-06-21,0,173,,21.92,14.17,29.67,0.381,14700000.0,40,-120
903,2008-06-22,0,174,,19.92,11.22,28.61,0.0,32570000.0,40,-120
904,2008-06-23,0,175,,17.64,9.17,26.11,0.0,23740000.0,40,-120
905,2008-06-24,0,176,,18.69,8.61,28.78,0.0,32420000.0,40,-120
906,2008-06-25,0,177,,20.0,10.56,29.44,0.0,28570000.0,40,-120
907,2008-06-26,0,178,,20.33,11.56,29.11,0.0,29860000.0,40,-120
908,2008-06-27,0,179,,21.0,10.83,31.17,0.0,31600000.0,40,-120
909,2008-06-28,0,180,,24.67,12.0,37.33,0.0,31840000.0,40,-120
910,2008-06-29,0,181,,27.33,15.83,38.83,0.0,27520000.0,40,-120
911,2008-06-30,0,182,,28.31,19.67,36.94,0.0,22090000.0,40,-120
912,2008-07-01,0,183,,27.42,19.0,35.83,0.0,26580000.0,40,-120
913,2008-07-02,0,184,,28.11,20.83,35.39,0.0,27500000.0,40,-120
914,2008-07-03,0,185,,27.67,19.33,36.0,0.0,27410000.0,40,-120
915,2008-07-04,0,186,,22.83,16.17,29.5,0.0,23070000.0,40,-120
916,2008-07-05,0,187,,24.42,17.78,31.06,0.0,26860000.0,40,-120
917,2008-07-06,0,188,,23.22,15.56,30.89,0.0,30170000.0,40,-120
918,2008-07-07,0,189,,22.36,11.61,33.11,0.0,30060000.0,40,-120
919,2008-07-08,0,190,,23.36,13.17,33.56,0.0,30920000.0,40,-120
920,2008-07-09,0,191,,25.47,14.39,36.56,0.0,30770000.0,40,-120
921,2008-07-10,0,192,,22.97,13.5,32.44,0.0,30960000.0,40,-120
922,2008-07-11,0,193,,17.94,8.17,27.72,0.0,31420000.0,40,-120
923,2008-07-12,0,194,,21.28,8.72,33.83,0.0,31030000.0,40,-120
924,2008-07-13,0,195,,24.11,12.28,35.94,0.0,30440000.0,40,-120
925,2008-07-14,0,196,,24.33,14.22,34.44,0.0,27930000.0,40,-120
926,2008-07-15,0,197,,26.31,18.78,33.83,0.0,24240000.0,40,-120
927,2008-07-16,0,198,,24.83,14.89,34.78,0.0,30090000.0,40,-120
928,2008-07-17,0,199,,23.53,12.67,34.39,0.0,30740000.0,40,-120
929,2008-07-18,0,200,,21.81,12.5,31.11,0.0,30270000.0,40,-120
930,2008-07-19,0,201,,22.14,11.61,32.67,0.0,30530000.0,40,-120
931,2008-07-20,0,202,,23.36,11.83,34.89,0.0,29210000.0,40,-120
932,2008-07-21,0,203,,25.56,14.33,36.78,0.0,25700000.0,40,-120
933,2008-07-22,0,204,,22.64,16.56,28.72,0.0,19040000.0,40,-120
934,2008-07-23,0,205,,20.39,13.06,27.72,0.0,30050000.0,40,-120
935,2008-07-24,0,206,,20.81,10.28,31.33,0.0,29730000.0,40,-120
936,2008-07-25,0,207,,23.39,12.56,34.22,0.0,28550000.0,40,-120
937,2008-07-26,0,208,,25.64,18.0,33.28,0.0,27080000.0,40,-120
938,2008-07-27,0,209,,23.19,16.72,29.67,0.0,29250000.0,40,-120
939,2008-07-28,0,210,,20.39,9.89,30.89,0.0,28070000.0,40,-120
940,2008-07-29,0,211,,21.33,14.83,27.83,0.0,17830000.0,40,-120
941,2008-07-30,0,212,,19.47,11.22,27.72,0.0,29670000.0,40,-120
942,2008-07-31,0,213,,20.42,7.17,33.67,0.0,29150000.0,40,-120
943,2008-08-01,0,214,,23.92,16.89,30.94,0.0,27870000.0,40,-120
944,2008-08-02,0,215,,21.19,14.28,28.11,0.0,28100000.0,40,-120
945,2008-08-03,0,216,,19.28,9.11,29.44,0.025400000000000002,28450000.0,40,-120
946,2008-08-04,0,217,,21.31,9.5,33.11,0.0,28620000.0,40,-120
947,2008-08-05,0,218,,24.22,12.22,36.22,0.0,27410000.0,40,-120
948,2008-08-06,0,219,,24.75,15.06,34.44,0.0,17390000.0,40,-120
949,2008-08-07,0,220,,23.94,14.89,33.0,0.0,12440000.0,40,-120
950,2008-08-08,0,221,,26.39,17.33,35.44,0.1778,21790000.0,40,-120
951,2008-08-09,0,222,,22.61,16.0,29.22,0.0,25980000.0,40,-120
952,2008-08-10,0,223,,20.53,13.0,28.06,0.0,26440000.0,40,-120
953,2008-08-11,0,224,,20.22,10.33,30.11,0.0,27180000.0,40,-120
954,2008-08-12,0,225,,23.17,13.06,33.28,0.0,24860000.0,40,-120
955,2008-08-13,0,226,,23.83,14.72,32.94,0.0,26370000.0,40,-120
956,2008-08-14,0,227,,25.64,14.94,36.33,0.0,26330000.0,40,-120
957,2008-08-15,0,228,,27.67,16.33,39.0,0.0,26200000.0,40,-120
958,2008-08-16,0,229,,27.36,15.89,38.83,0.0,25290000.0,40,-120
959,2008-08-17,0,230,,28.39,15.78,41.0,0.0,23610000.0,40,-120
960,2008-08-18,0,231,,27.19,18.28,36.11,0.2286,18210000.0,40,-120
961,2008-08-19,0,232,,23.67,17.83,29.5,0.0,20410000.0,40,-120
962,2008-08-20,0,233,,21.44,17.11,25.78,0.025400000000000002,12960000.0,40,-120
963,2008-08-21,0,234,,17.67,10.06,25.28,0.0,22290000.0,40,-120
964,2008-08-22,0,235,,17.64,8.33,26.94,0.0,22560000.0,40,-120
965,2008-08-23,0,236,,20.08,8.78,31.39,0.0,24540000.0,40,-120
966,2008-08-24,0,237,,22.56,11.67,33.44,0.0,19550000.0,40,-120
967,2008-08-25,0,238,,18.42,11.72,25.11,0.0,10630000.0,40,-120
968,2008-08-26,0,239,,16.14,6.78,25.5,0.0,24320000.0,40,-120
969,2008-08-27,0,240,,19.03,12.0,26.06,0.0,21300000.0,40,-120
970,2008-08-28,0,241,,20.44,10.22,30.67,0.0,23360000.0,40,-120
971,2008-08-29,0,242,,24.42,14.11,34.72,0.0,23900000.0,40,-120
972,2008-08-30,0,243,,17.92,10.83,25.0,0.0,23930000.0,40,-120
973,2008-08-31,0,244,,14.89,7.06,22.72,0.0,21970000.0,40,-120
974,2008-09-01,0,245,,15.64,6.39,24.89,0.0,23440000.0,40,-120
975,2008-09-02,0,246,,15.42,5.94,24.89,0.0,21110000.0,40,-120
976,2008-09-03,0,247,,16.92,7.0,26.83,0.0,22910000.0,40,-120
977,2008-09-04,0,248,,18.11,9.17,27.06,0.0,22250000.0,40,-120
978,2008-09-05,0,249,,19.5,8.78,30.22,0.0,20680000.0,40,-120
979,2008-09-06,0,250,,19.94,10.78,29.11,0.0,21970000.0,40,-120
980,2008-09-07,1,251,,21.83,15.56,28.11,0.0,22150000.0,40,-120
981,2008-09-08,1,252,,18.19,8.0,28.39,0.0,21930000.0,40,-120
982,2008-09-09,1,253,,19.75,8.11,31.39,0.0,20890000.0,40,-120
983,2008-09-10,1,254,,18.11,9.67,26.56,0.0,21610000.0,40,-120
984,2008-09-11,1,255,,18.39,6.83,29.94,0.0,21070000.0,40,-120
985,2008-09-12,1,256,,20.58,8.44,32.72,0.0,20880000.0,40,-120
986,2008-09-13,1,257,,19.22,10.0,28.44,0.0,21020000.0,40,-120
987,2008-09-14,1,258,,18.33,6.33,30.33,0.0,20890000.0,40,-120
988,2008-09-15,1,259,,18.78,6.33,31.22,0.0,20290000.0,40,-120
989,2008-09-16,1,260,,20.25,7.56,32.94,0.0,19320000.0,40,-120
990,2008-09-17,1,261,,19.97,8.61,31.33,0.0,18420000.0,40,-120
991,2008-09-18,1,262,,21.08,10.28,31.89,0.0,17890000.0,40,-120
992,2008-09-19,1,263,,20.28,11.67,28.89,0.0,13910000.0,40,-120
993,2008-09-20,1,264,,15.67,13.44,17.89,0.20320000000000002,3960000.0,40,-120
994,2008-09-21,1,265,,16.86,10.61,23.11,0.0,17210000.0,40,-120
995,2008-09-22,1,266,,12.5,4.83,20.17,0.0,18000000.0,40,-120
996,2008-09-23,1,267,,12.28,2.83,21.72,0.0,18130000.0,40,-120
997,2008-09-24,1,268,,14.25,6.06,22.44,0.0,15320000.0,40,-120
998,2008-09-25,1,269,,15.89,8.17,23.61,0.0,17790000.0,40,-120
999,2008-09-26,1,270,,14.33,5.61,23.06,0.0,15590000.0,40,-120
1000,2008-09-27,1,271,,15.33,5.72,24.94,0.0,17630000.0,40,-120
1001,2008-09-28,1,272,,16.44,4.89,28.0,0.0,17640000.0,40,-120
1002,2008-09-29,1,273,,16.31,6.11,26.5,0.0,17220000.0,40,-120
1003,2008-09-30,1,274,,17.75,7.89,27.61,0.0,16050000.0,40,-120
1004,2008-10-01,1,275,,19.36,9.5,29.22,0.0,13810000.0,40,-120
1005,2008-10-02,1,276,,18.22,11.61,24.83,0.127,5990000.0,40,-120
1006,2008-10-03,1,277,,16.53,10.83,22.22,0.127,8070000.0,40,-120
1007,2008-10-04,1,278,,16.11,10.94,21.28,0.0,8630000.0,40,-120
1008,2008-10-05,1,279,,13.33,8.78,17.89,0.0,9580000.0,40,-120
1009,2008-10-06,1,280,,15.97,9.67,22.28,0.0,11390000.0,40,-120
1010,2008-10-07,1,281,,11.83,4.0,19.67,0.0,15590000.0,40,-120
1011,2008-10-08,1,282,,9.19,1.33,17.06,0.0,15690000.0,40,-120
1012,2008-10-09,1,283,,7.22,0.22,14.22,0.0,7690000.0,40,-120
1013,2008-10-10,1,284,,8.44,0.56,16.33,0.0,12470000.0,40,-120
1014,2008-10-11,1,285,,9.61,3.06,16.17,0.0,14740000.0,40,-120
1015,2008-10-12,1,286,,6.5,-2.61,15.61,0.0,13320000.0,40,-120
1016,2008-10-13,1,287,,13.69,3.39,24.0,0.0,12920000.0,40,-120
1017,2008-10-14,1,288,,11.56,4.28,18.83,0.0,13250000.0,40,-120
1018,2008-10-15,1,289,,8.06,0.0,16.11,0.0,13190000.0,40,-120
1019,2008-10-16,1,290,,14.5,7.33,21.67,0.0,10590000.0,40,-120
1020,2008-10-17,1,291,,13.92,6.0,21.83,0.0,12340000.0,40,-120
1021,2008-10-18,1,292,,13.11,5.44,20.78,0.0,7360000.0,40,-120
1022,2008-10-19,1,293,,9.64,2.11,17.17,0.0,11150000.0,40,-120
1023,2008-10-20,1,294,,11.17,5.17,17.17,0.0,4880000.0,40,-120
1024,2008-10-21,1,295,,9.14,1.94,16.33,0.0,12520000.0,40,-120
1025,2008-10-22,1,296,,7.61,-1.56,16.78,0.0,12310000.0,40,-120
1026,2008-10-23,1,297,,8.72,-1.06,18.5,0.0,11130000.0,40,-120
1027,2008-10-24,1,298,,8.86,0.17,17.56,0.0,10630000.0,40,-120
1028,2008-10-25,1,299,,12.58,5.22,19.94,0.0,10030000.0,40,-120
1029,2008-10-26,1,300,,9.81,1.61,18.0,0.0,11030000.0,40,-120
1030,2008-10-27,1,301,,7.78,-0.44,16.0,0.0,11140000.0,40,-120
1031,2008-10-28,1,302,,6.11,-1.89,14.11,0.0,8400000.0,40,-120
1032,2008-10-29,1,303,,7.47,-1.17,16.11,0.0,9500000.0,40,-120
1033,2008-10-30,1,304,,7.78,1.89,13.67,0.0,6480000.0,40,-120
1034,2008-10-31,1,305,,12.58,7.39,17.78,0.050800000000000005,6200000.0,40,-120
1035,2008-11-01,1,306,,10.67,4.72,16.61,0.0,3520000.0,40,-120
1036,2008-11-02,1,307,,12.11,6.72,17.5,0.025400000000000002,7620000.0,40,-120
1037,2008-11-03,1,308,,9.67,2.56,16.78,0.050800000000000005,7320000.0,40,-120
1038,2008-11-04,1,309,,8.36,4.67,12.06,0.2794,7390000.0,40,-120
1039,2008-11-05,1,310,,4.89,-1.0,10.78,0.0,6230000.0,40,-120
1040,2008-11-06,1,311,,7.28,5.83,8.72,0.2286,3100000.0,40,-120
1041,2008-11-07,1,312,,8.75,6.06,11.44,0.025400000000000002,4800000.0,40,-120
1042,2008-11-08,1,313,,8.14,6.06,10.22,0.050800000000000005,2850000.0,40,-120
1043,2008-11-09,1,314,,10.72,6.72,14.72,0.0,5590000.0,40,-120
1044,2008-11-10,1,315,,10.53,5.5,15.56,0.0,7730000.0,40,-120
1045,2008-11-11,1,316,,9.03,5.78,12.28,0.6604,2250000.0,40,-120
1046,2008-11-12,1,317,,15.08,9.39,20.78,0.025400000000000002,4260000.0,40,-120
1047,2008-11-13,1,318,,8.39,1.11,15.67,0.0,9250000.0,40,-120
1048,2008-11-14,1,319,,5.31,-1.5,12.11,0.0,8180000.0,40,-120
1049,2008-11-15,1,320,,5.47,-0.94,11.89,0.0,6860000.0,40,-120
1050,2008-11-16,1,321,,3.58,-1.22,8.39,0.0,4420000.0,40,-120
1051,2008-11-17,1,322,,6.06,1.0,11.11,0.0,6050000.0,40,-120
1052,2008-11-18,1,323,,5.61,-0.11,11.33,0.0,4200000.0,40,-120
1053,2008-11-19,1,324,,7.42,4.0,10.83,0.0,3760000.0,40,-120
1054,2008-11-20,1,325,,3.78,-0.94,8.5,0.025400000000000002,2810000.0,40,-120
1055,2008-11-21,1,326,,6.19,0.17,12.22,0.0,6830000.0,40,-120
1056,2008-11-22,1,327,,6.17,-0.33,12.67,0.0,7600000.0,40,-120
1057,2008-11-23,1,328,,3.22,-3.56,10.0,0.0,7660000.0,40,-120
1058,2008-11-24,1,329,,0.39,-4.06,4.83,0.0,4130000.0,40,-120
1059,2008-11-25,1,330,,-0.42,-4.33,3.5,0.10160000000000001,4110000.0000000005,40,-120
1060,2008-11-26,1,331,,0.81,-1.56,3.17,0.025400000000000002,2750000.0,40,-120
1061,2008-11-27,1,332,,1.67,-1.56,4.89,0.0,2120000.0,40,-120
1062,2008-11-28,1,333,,2.81,-0.61,6.22,0.0,2990000.0,40,-120
1063,2008-11-29,1,334,,6.39,0.61,12.17,0.0,6430000.0,40,-120
1064,2008-11-30,1,335,,4.89,1.61,8.17,0.0,2740000.0,40,-120
1065,2008-12-01,1,336,,6.58,4.78,8.39,0.10160000000000001,3850000.0,40,-120
1066,2008-12-02,1,337,,9.61,2.56,16.67,0.0762,6940000.0,40,-120
1067,2008-12-03,1,338,,4.5,1.28,7.72,0.0,3310000.0,40,-120
1068,2008-12-04,1,339,,0.69,-5.0,6.39,0.0,6990000.0,40,-120
1069,2008-12-05,1,340,,-0.75,-6.11,4.61,0.0,5800000.0,40,-120
1070,2008-12-06,1,341,,4.22,-1.0,9.44,0.0,5860000.0,40,-120
1071,2008-12-07,1,342,,7.31,3.11,11.5,0.0,1680000.0,40,-120
1072,2008-12-08,1,343,,5.69,-0.67,12.06,0.0,5620000.0,40,-120
1073,2008-12-09,1,344,,2.22,-2.5,6.94,0.025400000000000002,3450000.0,40,-120
1074,2008-12-10,1,345,,7.89,0.5,15.28,0.0,6020000.0,40,-120
1075,2008-12-11,1,346,,1.42,-3.0,5.83,0.0,4120000.0,40,-120
1076,2008-12-12,1,347,,2.17,-2.06,6.39,0.0,1020000.0,40,-120
1077,2008-12-13,1,348,,0.5,-4.83,5.83,0.025400000000000002,2660000.0,40,-120
1078,2008-12-14,1,349,,-7.64,-10.17,-5.11,0.0,3800000.0,40,-120
1079,2008-12-15,1,350,,-9.11,-11.56,-6.67,0.0,3450000.0,40,-120
1080,2008-12-16,1,351,,-14.14,-18.44,-9.83,0.0,6560000.0,40,-120
1081,2008-12-17,1,352,,-9.33,-15.78,-2.89,0.0,3070000.0,40,-120
1082,2008-12-18,1,353,,-8.69,-12.89,-4.5,0.0,930000.0,40,-120
1083,2008-12-19,1,354,,-7.83,-10.78,-4.89,0.0,1360000.0,40,-120
1084,2008-12-20,1,355,,-10.03,-13.22,-6.83,0.025400000000000002,5120000.0,40,-120
1085,2008-12-21,1,356,,-11.03,-12.94,-9.11,0.0,1350000.0,40,-120
1086,2008-12-22,1,357,,-11.61,-16.72,-6.5,0.0,1470000.0,40,-120
1087,2008-12-23,1,358,,-7.22,-9.94,-4.5,0.0,1550000.0,40,-120
1088,2008-12-24,1,359,,-6.64,-8.61,-4.67,0.0,1770000.0,40,-120
1089,2008-12-25,1,360,,-6.14,-9.11,-3.17,0.0,1850000.0,40,-120
1090,2008-12-26,1,361,,-4.36,-7.83,-0.89,0.0,2540000.0,40,-120
1091,2008-12-27,1,362,,0.64,-4.11,5.39,0.9652000000000001,3490000.0,40,-120
1092,2008-12-28,1,363,,4.94,0.61,9.28,0.0,5840000.0,40,-120
1093,2008-12-29,1,364,,2.83,0.17,5.5,0.5588,5140000.0,40,-120
1094,2008-12-30,1,365,,1.72,-2.44,5.89,0.0,5350000.0,40,-120
1095,2008-12-31,1,366,,2.94,-0.67,6.56,0.0,3010000.0,40,-120
1096,2009-01-01,1,1,,4.53,0.94,8.11,0.5842,2720000.0,40,-120
1097,2009-01-02,1,2,,-3.64,-13.67,6.39,1.3462,6270000.0,40,-120
1098,2009-01-03,1,3,,-0.22,-5.22,4.78,0.0,6800000.0,40,-120
1099,2009-01-04,1,4,,-4.33,-7.83,-0.83,0.0,5010000.0,40,-120
1100,2009-01-05,1,5,,1.86,-4.28,8.0,0.20320000000000002,6270000.0,40,-120
1101,2009-01-06,1,6,,8.33,2.83,13.83,0.050800000000000005,3550000.0,40,-120
1102,2009-01-07,1,7,,13.11,10.5,15.72,0.0,2400000.0,40,-120
1103,2009-01-08,1,8,,9.11,4.28,13.94,0.0,5560000.0,40,-120
1104,2009-01-09,1,9,,4.03,0.06,8.0,0.0,5930000.0,40,-120
1105,2009-01-10,1,10,,4.42,1.22,7.61,0.0,990000.0,40,-120
1106,2009-01-11,1,11,,8.72,4.11,13.33,0.0,4660000.0,40,-120
1107,2009-01-12,1,12,,9.25,2.22,16.28,0.0,7280000.0,40,-120
1108,2009-01-13,1,13,,5.39,-1.06,11.83,0.0,5050000.0,40,-120
1109,2009-01-14,1,14,,-1.17,-2.89,0.56,0.0,1650000.0,40,-120
1110,2009-01-15,1,15,,-0.58,-2.11,0.94,0.0,1260000.0,40,-120
1111,2009-01-16,1,16,,-1.06,-1.61,-0.5,0.0,1190000.0,40,-120
1112,2009-01-17,1,17,,-0.31,-0.83,0.22,0.0,1410000.0,40,-120
1113,2009-01-18,1,18,,0.33,-0.33,1.0,0.0,1040000.0,40,-120
1114,2009-01-19,1,19,,0.75,0.22,1.28,0.0,1480000.0,40,-120
1115,2009-01-20,1,20,,0.03,-0.67,0.72,0.0,960000.0,40,-120
1116,2009-01-21,1,21,,-0.64,-1.11,-0.17,0.0,1200000.0,40,-120
1117,2009-01-22,1,22,,-1.5,-3.28,0.28,0.0,2060000.0,40,-120
1118,2009-01-23,1,23,,-1.33,-2.11,-0.56,0.0,1720000.0,40,-120
1119,2009-01-24,1,24,,-0.78,-2.06,0.5,0.025400000000000002,2910000.0,40,-120
1120,2009-01-25,1,25,,-1.83,-4.0,0.33,0.0,4880000.0,40,-120
1121,2009-01-26,1,26,,-7.11,-11.94,-2.28,0.0,9490000.0,40,-120
1122,2009-01-27,1,27,,-3.11,-12.39,6.17,0.0,4450000.0,40,-120
1123,2009-01-28,1,28,,4.86,-0.61,10.33,0.0,9380000.0,40,-120
1124,2009-01-29,1,29,,4.72,-1.67,11.11,0.0,9200000.0,40,-120
1125,2009-01-30,1,30,,1.83,-4.56,8.22,0.0,8470000.0,40,-120
1126,2009-01-31,1,31,,3.28,-2.78,9.33,0.0,7780000.0,40,-120
1127,2009-02-01,1,32,,1.11,-3.67,5.89,0.0,4910000.0,40,-120
1128,2009-02-02,1,33,,2.33,-2.11,6.78,0.0,3750000.0,40,-120
1129,2009-02-03,1,34,,2.19,-4.78,9.17,0.0,10210000.0,40,-120
1130,2009-02-04,1,35,,2.53,-3.94,9.0,0.0,8390000.0,40,-120
1131,2009-02-05,1,36,,-0.19,-3.61,3.22,0.1524,3370000.0,40,-120
1132,2009-02-06,1,37,,2.5,0.0,5.0,0.0,2580000.0,40,-120
1133,2009-02-07,1,38,,1.56,-3.56,6.67,0.0,4650000.0,40,-120
1134,2009-02-08,1,39,,-1.58,-3.39,0.22,0.0,2270000.0,40,-120
1135,2009-02-09,1,40,,4.5,-1.0,10.0,0.0,9050000.0,40,-120
1136,2009-02-10,1,41,,1.25,-2.44,4.94,0.0,4850000.0,40,-120
1137,2009-02-11,1,42,,2.89,0.22,5.56,0.127,5220000.0,40,-120
1138,2009-02-12,1,43,,4.25,1.22,7.28,0.0,7680000.0,40,-120
1139,2009-02-13,1,44,,4.81,1.22,8.39,0.0,7150000.0,40,-120
1140,2009-02-14,1,45,,2.97,-3.11,9.06,0.0,9170000.0,40,-120
1141,2009-02-15,1,46,,3.25,-0.5,7.0,0.050800000000000005,5460000.0,40,-120
1142,2009-02-16,1,47,,4.75,0.17,9.33,0.0,6730000.0,40,-120
1143,2009-02-17,1,48,,4.81,-0.78,10.39,0.0,8380000.000000001,40,-120
1144,2009-02-18,1,49,,4.61,-2.56,11.78,0.0,9270000.0,40,-120
1145,2009-02-19,1,50,,0.75,-3.56,5.06,0.0,6860000.0,40,-120
1146,2009-02-20,1,51,,2.61,-0.33,5.56,0.0,2870000.0,40,-120
1147,2009-02-21,1,52,,0.94,-2.39,4.28,0.0,2550000.0,40,-120
1148,2009-02-22,1,53,,0.67,-3.78,5.11,0.48260000000000003,4070000.0000000005,40,-120
1149,2009-02-23,1,54,,3.81,0.94,6.67,0.7365999999999999,4080000.0,40,-120
1150,2009-02-24,1,55,,7.94,0.22,15.67,0.1778,12990000.0,40,-120
1151,2009-02-25,1,56,,7.42,2.22,12.61,0.0,7300000.0,40,-120
1152,2009-02-26,1,57,,2.67,-2.61,7.94,0.1524,11250000.0,40,-120
1153,2009-02-27,1,58,,2.72,-4.06,9.5,0.0,15460000.0,40,-120
1154,2009-02-28,1,59,,3.53,-1.89,8.94,0.0,10480000.0,40,-120
1155,2009-03-01,1,60,,4.67,1.33,8.0,0.2286,4110000.0000000005,40,-120
1156,2009-03-02,1,61,,4.92,-0.33,10.17,0.1778,4870000.0,40,-120
1157,2009-03-03,1,62,,7.08,1.78,12.39,0.3302,8610000.0,40,-120
1158,2009-03-04,1,63,,5.19,-1.56,11.94,0.0,10190000.0,40,-120
1159,2009-03-05,1,64,,6.61,2.06,11.17,0.0,8279999.999999999,40,-120
1160,2009-03-06,1,65,,2.56,-2.11,7.22,0.0,15210000.0,40,-120
1161,2009-03-07,1,66,,3.94,-3.44,11.33,0.0,14500000.0,40,-120
1162,2009-03-08,1,67,,2.72,-2.61,8.06,0.0,13900000.0,40,-120
1163,2009-03-09,1,68,,1.31,-4.83,7.44,0.0,13200000.0,40,-120
1164,2009-03-10,1,69,,0.11,-3.11,3.33,0.0,14870000.0,40,-120
1165,2009-03-11,1,70,,0.89,-3.83,5.61,0.0,17910000.0,40,-120
1166,2009-03-12,1,71,,0.19,-7.83,8.22,0.0,17920000.0,40,-120
1167,2009-03-13,1,72,,2.25,-6.11,10.61,0.0,15940000.0,40,-120
1168,2009-03-14,1,73,,5.11,-0.56,10.78,0.0762,4880000.0,40,-120
1169,2009-03-15,1,74,,8.14,1.11,15.17,0.0,11710000.0,40,-120
1170,2009-03-16,1,75,,5.75,-1.67,13.17,0.0,15850000.0,40,-120
1171,2009-03-17,1,76,,6.19,-1.28,13.67,0.0,15360000.0,40,-120
1172,2009-03-18,1,77,,9.14,2.56,15.72,0.0,17000000.0,40,-120
1173,2009-03-19,1,78,,8.94,0.72,17.17,0.0,12540000.0,40,-120
1174,2009-03-20,1,79,,12.56,5.33,19.78,0.0,16870000.0,40,-120
1175,2009-03-21,1,80,,9.36,5.83,12.89,0.40640000000000004,7670000.0,40,-120
1176,2009-03-22,1,81,,8.92,3.72,14.11,0.0,13510000.0,40,-120
1177,2009-03-23,1,82,,6.69,1.33,12.06,0.0762,18710000.0,40,-120
1178,2009-03-24,1,83,,7.0,2.0,12.0,0.025400000000000002,9660000.0,40,-120
1179,2009-03-25,1,84,,7.17,3.06,11.28,0.0,8670000.0,40,-120
1180,2009-03-26,1,85,,7.06,1.11,13.0,0.0,20980000.0,40,-120
1181,2009-03-27,1,86,,7.33,-0.83,15.5,0.0,12410000.0,40,-120
1182,2009-03-28,1,87,,7.14,5.0,9.28,0.9144,4260000.0,40,-120
1183,2009-03-29,1,88,,7.08,0.94,13.22,0.0,19850000.0,40,-120
1184,2009-03-30,1,89,,5.61,-1.72,12.94,0.0,19360000.0,40,-120
1185,2009-03-31,1,90,,9.06,3.89,14.22,0.0,17050000.0,40,-120
1186,2009-04-01,1,91,,2.33,-1.78,6.44,0.050800000000000005,5890000.0,40,-120
1187,2009-04-02,1,92,,8.64,2.94,14.33,0.050800000000000005,16940000.0,40,-120
1188,2009-04-03,1,93,,8.53,3.28,13.78,0.0,21020000.0,40,-120
1189,2009-04-04,1,94,,6.92,-2.17,16.0,0.0,23050000.0,40,-120
1190,2009-04-05,1,95,,10.53,0.17,20.89,0.0,19590000.0,40,-120
1191,2009-04-06,1,96,,12.47,1.28,23.67,0.0,23490000.0,40,-120
1192,2009-04-07,1,97,,13.97,2.5,25.44,0.0,21610000.0,40,-120
1193,2009-04-08,1,98,,13.25,8.22,18.28,0.0,16489999.999999998,40,-120
1194,2009-04-09,1,99,,11.97,5.56,18.39,0.0,20650000.0,40,-120
1195,2009-04-10,1,100,,12.58,7.17,18.0,0.0,17090000.0,40,-120
1196,2009-04-11,1,101,,11.86,6.44,17.28,0.0,23310000.0,40,-120
1197,2009-04-12,1,102,,10.61,4.06,17.17,0.025400000000000002,9980000.0,40,-120
1198,2009-04-13,1,103,,8.64,2.61,14.67,0.0,24910000.0,40,-120
1199,2009-04-14,1,104,,6.75,1.33,12.17,0.0762,18670000.0,40,-120
1200,2009-04-15,1,105,,10.28,1.5,19.06,0.0,23460000.0,40,-120
1201,2009-04-16,1,106,,10.78,2.0,19.56,0.0,24890000.0,40,-120
1202,2009-04-17,1,107,,11.61,1.94,21.28,0.0,17820000.0,40,-120
1203,2009-04-18,1,108,,11.14,2.17,20.11,0.0,24390000.0,40,-120
1204,2009-04-19,1,109,,15.11,3.39,26.83,0.0,24160000.0,40,-120
1205,2009-04-20,1,110,,17.94,6.17,29.72,0.0,25980000.0,40,-120
1206,2009-04-21,1,111,,19.08,7.28,30.89,0.0,26220000.0,40,-120
1207,2009-04-22,1,112,,15.67,7.67,23.67,0.0,19430000.0,40,-120
1208,2009-04-23,1,113,,8.56,2.67,14.44,0.0,23310000.0,40,-120
1209,2009-04-24,1,114,,7.89,-1.17,16.94,0.0,27010000.0,40,-120
1210,2009-04-25,1,115,,10.19,1.83,18.56,0.0,25440000.0,40,-120
1211,2009-04-26,1,116,,11.28,3.83,18.72,0.0,27180000.0,40,-120
1212,2009-04-27,1,117,,10.64,2.83,18.44,0.0,14920000.0,40,-120
1213,2009-04-28,1,118,,10.0,7.17,12.83,0.0,20000000.0,40,-120
1214,2009-04-29,1,119,,8.97,5.89,12.06,0.508,6980000.0,40,-120
1215,2009-04-30,1,120,,11.75,4.61,18.89,0.0,25710000.0,40,-120
1216,2009-05-01,1,121,,12.19,2.06,22.33,0.0,24980000.0,40,-120
1217,2009-05-02,1,122,,14.58,9.89,19.28,0.7874,13990000.0,40,-120
1218,2009-05-03,1,123,,13.89,8.56,19.22,0.0,19230000.0,40,-120
1219,2009-05-04,1,124,,11.89,5.28,18.5,0.4318,12450000.0,40,-120
1220,2009-05-05,1,125,,14.75,10.94,18.56,0.127,25570000.0,40,-120
1221,2009-05-06,1,126,,13.97,9.17,18.78,0.127,16870000.0,40,-120
1222,2009-05-07,1,127,,12.11,6.78,17.44,0.0,26650000.0,40,-120
1223,2009-05-08,1,128,,10.92,2.06,19.78,0.0,29290000.0,40,-120
1224,2009-05-09,1,129,,13.19,3.06,23.33,0.0,28840000.0,40,-120
1225,2009-05-10,1,130,,15.44,5.61,25.28,0.025400000000000002,25900000.0,40,-120
1226,2009-05-11,1,131,,15.69,9.72,21.67,0.0,28170000.0,40,-120
1227,2009-05-12,1,132,,11.53,7.28,15.78,0.0,22390000.0,40,-120
1228,2009-05-13,1,133,,10.42,3.67,17.17,0.025400000000000002,18340000.0,40,-120
1229,2009-05-14,1,134,,13.92,6.94,20.89,0.0,28630000.0,40,-120
1230,2009-05-15,1,135,,13.03,2.89,23.17,0.0,29730000.0,40,-120
1231,2009-05-16,0,136,,16.5,5.17,27.83,0.0,29010000.0,40,-120
1232,2009-05-17,0,137,,20.28,8.5,32.06,0.0,29140000.0,40,-120
1233,2009-05-18,0,138,,21.53,11.28,31.78,0.0,29480000.0,40,-120
1234,2009-05-19,0,139,,15.11,8.89,21.33,0.0,29840000.0,40,-120
1235,2009-05-20,0,140,,14.0,5.89,22.11,0.0,30440000.0,40,-120
1236,2009-05-21,0,141,,14.81,4.67,24.94,0.0,29620000.0,40,-120
1237,2009-05-22,0,142,,16.53,5.22,27.83,0.0,29820000.0,40,-120
1238,2009-05-23,0,143,,18.97,7.61,30.33,0.0,30010000.0,40,-120
1239,2009-05-24,0,144,,19.89,9.83,29.94,0.0,30130000.0,40,-120
1240,2009-05-25,0,145,,20.31,11.94,28.67,0.0,30510000.0,40,-120
1241,2009-05-26,0,146,,19.67,11.5,27.83,0.0,28320000.0,40,-120
1242,2009-05-27,0,147,,19.03,8.72,29.33,0.0,30570000.0,40,-120
1243,2009-05-28,0,148,,21.33,11.39,31.28,0.0,30510000.0,40,-120
1244,2009-05-29,0,149,,23.97,14.28,33.67,0.0,26180000.0,40,-120
1245,2009-05-30,0,150,,25.58,15.33,35.83,0.0,30810000.0,40,-120
1246,2009-05-31,0,151,,23.19,13.33,33.06,0.0,26970000.0,40,-120
1247,2009-06-01,0,152,,23.08,14.89,31.28,0.0,22930000.0,40,-120
1248,2009-06-02,0,153,,23.56,17.78,29.33,0.0,26710000.0,40,-120
1249,2009-06-03,0,154,,21.36,12.39,30.33,0.0,28840000.0,40,-120
1250,2009-06-04,0,155,,23.92,14.94,32.89,0.0,21470000.0,40,-120
1251,2009-06-05,0,156,,21.83,14.06,29.61,0.0,30210000.0,40,-120
1252,2009-06-06,0,157,,20.39,13.78,27.0,0.0,26120000.0,40,-120
1253,2009-06-07,0,158,,17.78,13.33,22.22,0.0,15550000.0,40,-120
1254,2009-06-08,0,159,,18.92,11.72,26.11,0.0,30580000.0,40,-120
1255,2009-06-09,0,160,,20.72,13.89,27.56,0.0,27460000.0,40,-120
1256,2009-06-10,0,161,,21.72,15.22,28.22,0.0,26480000.0,40,-120
1257,2009-06-11,0,162,,20.69,12.11,29.28,0.0,31680000.0,40,-120
1258,2009-06-12,0,163,,21.11,14.33,27.89,0.0,23560000.0,40,-120
1259,2009-06-13,0,164,,19.83,12.39,27.28,0.0,24960000.0,40,-120
1260,2009-06-14,0,165,,23.17,17.94,28.39,0.0,19280000.0,40,-120
1261,2009-06-15,0,166,,22.72,15.61,29.83,0.0,30670000.0,40,-120
1262,2009-06-16,0,167,,21.31,12.39,30.22,0.0,28850000.0,40,-120
1263,2009-06-17,0,168,,22.78,15.94,29.61,0.0,28980000.0,40,-120
1264,2009-06-18,0,169,,20.53,11.83,29.22,0.0,30550000.0,40,-120
1265,2009-06-19,0,170,,21.03,14.89,27.17,0.025400000000000002,25320000.0,40,-120
1266,2009-06-20,0,171,,17.03,9.72,24.33,0.0,32189999.999999996,40,-120
1267,2009-06-21,0,172,,17.08,11.61,22.56,0.0,15490000.0,40,-120
1268,2009-06-22,0,173,,17.39,10.94,23.83,0.0,30370000.0,40,-120
1269,2009-06-23,0,174,,17.44,7.33,27.56,0.0,30950000.0,40,-120
1270,2009-06-24,0,175,,22.89,11.22,34.56,0.0,30770000.0,40,-120
1271,2009-06-25,0,176,,20.56,14.06,27.06,0.0,31620000.0,40,-120
1272,2009-06-26,0,177,,19.42,10.61,28.22,0.0,32170000.0,40,-120
1273,2009-06-27,0,178,,20.11,9.78,30.44,0.0,32060000.000000004,40,-120
1274,2009-06-28,0,179,,21.83,12.22,31.44,0.0,32170000.0,40,-120
1275,2009-06-29,0,180,,20.39,10.39,30.39,0.0,32570000.0,40,-120
1276,2009-06-30,0,181,,20.19,11.0,29.39,0.0,32390000.0,40,-120
1277,2009-07-01,0,182,,20.78,10.11,31.44,0.0,32500000.0,40,-120
1278,2009-07-02,0,183,,23.19,10.94,35.44,0.0,32290000.0,40,-120
1279,2009-07-03,0,184,,24.81,12.17,37.44,0.0,31810000.0,40,-120
1280,2009-07-04,0,185,,27.08,15.44,38.72,0.0,31330000.0,40,-120
1281,2009-07-05,0,186,,26.0,15.83,36.17,0.0,28260000.0,40,-120
1282,2009-07-06,0,187,,20.53,14.28,26.78,0.0,30930000.0,40,-120
1283,2009-07-07,0,188,,18.75,9.61,27.89,0.0,31610000.0,40,-120
1284,2009-07-08,0,189,,18.44,10.28,26.61,0.0,30650000.0,40,-120
1285,2009-07-09,0,190,,19.19,9.67,28.72,0.0,30750000.0,40,-120
1286,2009-07-10,0,191,,21.56,11.0,32.11,0.0,31060000.0,40,-120
1287,2009-07-11,0,192,,25.53,14.06,37.0,0.0,30810000.0,40,-120
1288,2009-07-12,0,193,,24.44,16.56,32.33,0.0,28870000.0,40,-120
1289,2009-07-13,0,194,,20.94,15.61,26.28,0.0,27470000.0,40,-120
1290,2009-07-14,0,195,,21.72,13.0,30.44,0.0,31480000.0,40,-120
1291,2009-07-15,0,196,,22.81,11.83,33.78,0.0,31230000.0,40,-120
1292,2009-07-16,0,197,,25.14,14.0,36.28,0.0,30990000.0,40,-120
1293,2009-07-17,0,198,,26.08,16.56,35.61,0.0,28030000.0,40,-120
1294,2009-07-18,0,199,,26.56,15.39,37.72,0.0,29210000.0,40,-120
1295,2009-07-19,0,200,,24.19,14.89,33.5,0.0,31090000.0,40,-120
1296,2009-07-20,0,201,,24.56,14.22,34.89,0.0,29600000.0,40,-120
1297,2009-07-21,0,202,,25.89,15.17,36.61,0.0,29750000.0,40,-120
1298,2009-07-22,0,203,,27.36,16.67,38.06,0.0,29180000.0,40,-120
1299,2009-07-23,0,204,,26.36,19.39,33.33,0.0,29890000.0,40,-120
1300,2009-07-24,0,205,,23.17,14.11,32.22,0.0,29000000.0,40,-120
1301,2009-07-25,0,206,,24.31,15.39,33.22,0.0,26000000.0,40,-120
1302,2009-07-26,0,207,,26.42,17.78,35.06,0.0,27950000.0,40,-120
1303,2009-07-27,0,208,,27.11,17.94,36.28,0.0,28500000.0,40,-120
1304,2009-07-28,0,209,,28.47,19.0,37.94,0.0,27180000.0,40,-120
1305,2009-07-29,0,210,,28.97,21.89,36.06,0.0,24580000.0,40,-120
1306,2009-07-30,0,211,,26.17,16.39,35.94,0.0,28140000.0,40,-120
1307,2009-07-31,0,212,,29.19,18.22,40.17,0.0,27440000.0,40,-120
1308,2009-08-01,0,213,,29.92,18.44,41.39,0.0,27380000.0,40,-120
1309,2009-08-02,0,214,,29.78,20.67,38.89,0.0,27430000.0,40,-120
1310,2009-08-03,0,215,,29.5,20.28,38.72,0.0,27690000.0,40,-120
1311,2009-08-04,0,216,,26.47,15.61,37.33,0.0,22810000.0,40,-120
1312,2009-08-05,0,217,,27.5,18.89,36.11,0.0,26900000.0,40,-120
1313,2009-08-06,0,218,,21.67,15.94,27.39,0.025400000000000002,12360000.0,40,-120
1314,2009-08-07,0,219,,21.44,15.67,27.22,0.0,14510000.0,40,-120
1315,2009-08-08,0,220,,22.08,15.61,28.56,0.0,24610000.0,40,-120
1316,2009-08-09,0,221,,22.72,14.61,30.83,0.0,27030000.0,40,-120
1317,2009-08-10,0,222,,25.14,16.89,33.39,0.0,27200000.0,40,-120
1318,2009-08-11,0,223,,22.67,14.06,31.28,0.0,20600000.0,40,-120
1319,2009-08-12,0,224,,23.89,17.0,30.78,0.0,20960000.0,40,-120
1320,2009-08-13,0,225,,22.0,15.83,28.17,0.0,23580000.0,40,-120
1321,2009-08-14,0,226,,18.67,11.78,25.56,0.0,24360000.0,40,-120
1322,2009-08-15,0,227,,18.64,10.11,27.17,0.0,26380000.0,40,-120
1323,2009-08-16,0,228,,19.53,9.78,29.28,0.0,26130000.0,40,-120
1324,2009-08-17,0,229,,20.56,10.78,30.33,0.0,24720000.0,40,-120
1325,2009-08-18,0,230,,24.72,14.39,35.06,0.0,25660000.0,40,-120
1326,2009-08-19,0,231,,26.19,15.22,37.17,0.0,24780000.0,40,-120
1327,2009-08-20,0,232,,28.19,17.28,39.11,0.0,24000000.0,40,-120
1328,2009-08-21,0,233,,26.0,17.83,34.17,0.0,25170000.0,40,-120
1329,2009-08-22,0,234,,20.28,11.78,28.78,0.0,24660000.0,40,-120
1330,2009-08-23,0,235,,20.28,12.11,28.44,0.0,25020000.0,40,-120
1331,2009-08-24,0,236,,20.03,9.61,30.44,0.0,25090000.0,40,-120
1332,2009-08-25,0,237,,21.89,12.94,30.83,0.0,24370000.0,40,-120
1333,2009-08-26,0,238,,22.39,12.0,32.78,0.0,24330000.0,40,-120
1334,2009-08-27,0,239,,23.0,11.33,34.67,0.0,23950000.0,40,-120
1335,2009-08-28,0,240,,23.11,14.56,31.67,0.0,17670000.0,40,-120
1336,2009-08-29,0,241,,21.03,14.44,27.61,0.0,18710000.0,40,-120
1337,2009-08-30,0,242,,22.25,14.17,30.33,0.0,22070000.0,40,-120
1338,2009-08-31,0,243,,24.14,14.39,33.89,0.0,22900000.0,40,-120
1339,2009-09-01,0,244,,24.97,15.17,34.78,0.0,22710000.0,40,-120
1340,2009-09-02,0,245,,24.47,14.44,34.5,0.0,21350000.0,40,-120
1341,2009-09-03,0,246,,21.33,14.78,27.89,0.0,21240000.0,40,-120
1342,2009-09-04,0,247,,19.22,10.5,27.94,0.0,19760000.0,40,-120
1343,2009-09-05,0,248,,19.53,10.94,28.11,0.3048,17610000.0,40,-120
1344,2009-09-06,0,249,,18.44,11.56,25.33,0.0,21510000.0,40,-120
1345,2009-09-07,0,250,,16.36,8.83,23.89,0.0,22050000.0,40,-120
1346,2009-09-08,0,251,,16.5,6.67,26.33,0.0,21940000.0,40,-120
1347,2009-09-09,0,252,,18.81,8.72,28.89,0.0,16309999.999999998,40,-120
1348,2009-09-10,0,253,,20.89,12.22,29.56,0.0,21510000.0,40,-120
1349,2009-09-11,0,254,,21.22,10.61,31.83,0.0,21220000.0,40,-120
1350,2009-09-12,0,255,,22.11,11.33,32.89,0.0,20760000.0,40,-120
1351,2009-09-13,0,256,,23.53,12.28,34.78,0.0,20760000.0,40,-120
1352,2009-09-14,0,257,,23.64,16.89,30.39,0.0,19340000.0,40,-120
1353,2009-09-15,0,258,,20.81,12.0,29.61,0.0,18660000.0,40,-120
1354,2009-09-16,0,259,,22.69,12.61,32.78,0.0,19270000.0,40,-120
1355,2009-09-17,0,260,,19.17,11.22,27.11,0.0,20120000.0,40,-120
1356,2009-09-18,0,261,,18.33,7.28,29.39,0.0,20120000.0,40,-120
1357,2009-09-19,0,262,,19.19,10.94,27.44,0.0,9970000.0,40,-120
1358,2009-09-20,0,263,,14.17,5.67,22.67,0.0,19980000.0,40,-120
1359,2009-09-21,0,264,,15.44,4.33,26.56,0.0,19590000.0,40,-120
1360,2009-09-22,0,265,,17.86,7.11,28.61,0.0,19090000.0,40,-120
1361,2009-09-23,0,266,,20.39,10.0,30.78,0.0,18290000.0,40,-120
1362,2009-09-24,0,267,,20.72,9.94,31.5,0.0,18000000.0,40,-120
1363,2009-09-25,0,268,,19.81,10.61,29.0,0.0,18240000.0,40,-120
1364,2009-09-26,0,269,,20.28,10.33,30.22,0.0,18000000.0,40,-120
1365,2009-09-27,0,270,,15.81,6.67,24.94,0.0,18190000.0,40,-120
1366,2009-09-28,0,271,,15.17,5.22,25.11,0.0,15880000.0,40,-120
1367,2009-09-29,0,272,,14.17,8.83,19.5,0.0,15660000.0,40,-120
1368,2009-09-30,0,273,,12.47,5.72,19.22,0.0,16940000.0,40,-120
1369,2009-10-01,0,274,,12.19,3.89,20.5,0.0,15310000.0,40,-120
1370,2009-10-02,0,275,,14.83,9.11,20.56,0.0,14190000.0,40,-120
1371,2009-10-03,0,276,,10.92,6.11,15.72,0.762,10920000.0,40,-120
1372,2009-10-04,0,277,,13.94,8.22,19.67,0.0,9220000.0,40,-120
1373,2009-10-05,0,278,,11.75,4.33,19.17,0.0,16120000.000000002,40,-120
1374,2009-10-06,0,279,,11.28,0.89,21.67,0.0,16110000.0,40,-120
1375,2009-10-07,0,280,,12.81,4.33,21.28,0.0,15700000.0,40,-120
1376,2009-10-08,0,281,,11.83,4.67,19.0,0.0,14940000.0,40,-120
1377,2009-10-09,0,282,,8.64,4.89,12.39,0.0,4690000.0,40,-120
1378,2009-10-10,0,283,,7.28,3.11,11.44,0.0,9810000.0,40,-120
1379,2009-10-11,0,284,,4.72,-1.17,10.61,0.0,15070000.0,40,-120
1380,2009-10-12,0,285,,5.22,1.11,9.33,0.0,8910000.0,40,-120
1381,2009-10-13,0,286,,2.94,0.0,5.89,0.5842,3080000.0,40,-120
1382,2009-10-14,0,287,,12.06,5.39,18.72,0.48260000000000003,9720000.0,40,-120
1383,2009-10-15,0,288,,12.67,6.17,19.17,0.0,8340000.0,40,-120
1384,2009-10-16,0,289,,13.03,6.67,19.39,0.0,11650000.0,40,-120
1385,2009-10-17,0,290,,13.94,7.61,20.28,0.025400000000000002,8650000.0,40,-120
1386,2009-10-18,0,291,,14.22,8.56,19.89,0.025400000000000002,8780000.0,40,-120
1387,2009-10-19,0,292,,13.61,7.0,20.22,0.0,12310000.0,40,-120
1388,2009-10-20,0,293,,11.92,5.5,18.33,0.0,11680000.0,40,-120
1389,2009-10-21,0,294,,12.44,8.11,16.78,0.025400000000000002,6180000.0,40,-120
1390,2009-10-22,0,295,,10.19,4.72,15.67,0.0,9940000.0,40,-120
1391,2009-10-23,0,296,,12.03,7.0,17.06,0.4572,3380000.0,40,-120
1392,2009-10-24,0,297,,10.17,3.67,16.67,0.0,12140000.0,40,-120
1393,2009-10-25,0,298,,6.42,-0.33,13.17,0.0,8850000.0,40,-120
1394,2009-10-26,0,299,,10.53,7.44,13.61,0.1524,3290000.0,40,-120
1395,2009-10-27,0,300,,8.64,3.61,13.67,0.0,10010000.0,40,-120
1396,2009-10-28,0,301,,4.36,-1.61,10.33,0.0,9580000.0,40,-120
1397,2009-10-29,0,302,,6.56,4.83,8.28,0.1524,3610000.0,40,-120
1398,2009-10-30,0,303,,13.44,7.06,19.83,0.0,10290000.0,40,-120
1399,2009-10-31,0,304,,13.31,8.0,18.61,0.0,8490000.0,40,-120
1400,2009-11-01,0,305,,8.36,1.56,15.17,0.0,11200000.0,40,-120
1401,2009-11-02,0,306,,4.47,-1.89,10.83,0.0,9200000.0,40,-120
1402,2009-11-03,0,307,,5.58,-1.89,13.06,0.0,8780000.0,40,-120
1403,2009-11-04,0,308,,5.25,-1.11,11.61,0.0,9990000.0,40,-120
1404,2009-11-05,0,309,,5.69,-0.72,12.11,0.10160000000000001,6490000.0,40,-120
1405,2009-11-06,0,310,,7.72,2.0,13.44,0.025400000000000002,6200000.0,40,-120
1406,2009-11-07,0,311,,8.28,1.44,15.11,0.0,9200000.0,40,-120
1407,2009-11-08,0,312,,5.69,0.44,10.94,0.0,4790000.0,40,-120
1408,2009-11-09,0,313,,2.33,-1.5,6.17,0.0,3300000.0,40,-120
1409,2009-11-10,0,314,,8.0,2.06,13.94,0.0,9880000.0,40,-120
1410,2009-11-11,0,315,,5.22,0.22,10.22,0.0,3830000.0,40,-120
1411,2009-11-12,0,316,,3.0,-1.78,7.78,0.0,8310000.000000001,40,-120
1412,2009-11-13,0,317,,1.97,-3.17,7.11,0.0762,4070000.0000000005,40,-120
1413,2009-11-14,0,318,,2.75,-3.67,9.17,0.0,9280000.0,40,-120
1414,2009-11-15,0,319,,3.47,-1.5,8.44,0.0,4390000.0,40,-120
1415,2009-11-16,0,320,,9.28,1.22,17.33,0.0,3900000.0,40,-120
1416,2009-11-17,0,321,,9.39,3.67,15.11,0.0,2610000.0,40,-120
1417,2009-11-18,0,322,,5.25,-1.72,12.22,0.0,8510000.0,40,-120
1418,2009-11-19,0,323,,9.97,3.0,16.94,0.0,5280000.0,40,-120
1419,2009-11-20,0,324,,7.11,3.33,10.89,0.0,2910000.0,40,-120
1420,2009-11-21,0,325,,6.06,1.11,11.0,0.0,6020000.0,40,-120
1421,2009-11-22,0,326,,6.97,4.67,9.28,0.40640000000000004,2300000.0,40,-120
1422,2009-11-23,0,327,,5.81,0.06,11.56,0.0,5530000.0,40,-120
1423,2009-11-24,0,328,,6.17,-0.17,12.5,0.0,6600000.0,40,-120
1424,2009-11-25,0,329,,3.61,-1.94,9.17,0.0,5370000.0,40,-120
1425,2009-11-26,0,330,,2.69,-0.22,5.61,0.050800000000000005,1790000.0,40,-120
1426,2009-11-27,0,331,,5.47,1.22,9.72,0.508,3950000.0,40,-120
1427,2009-11-28,0,332,,3.61,-1.5,8.72,0.0,6800000.0,40,-120
1428,2009-11-29,0,333,,4.17,-0.83,9.17,0.0,6410000.0,40,-120
1429,2009-11-30,0,334,,1.11,-1.22,3.44,0.0,2060000.0,40,-120
1430,2009-12-01,0,335,,1.83,-3.83,7.5,0.0,5670000.0,40,-120
1431,2009-12-02,0,336,,-1.03,-6.0,3.94,0.0,6960000.0,40,-120
1432,2009-12-03,0,337,,-2.5,-5.94,0.94,0.0,3220000.0,40,-120
1433,2009-12-04,0,338,,-1.64,-3.06,-0.22,0.0,1950000.0,40,-120
1434,2009-12-05,0,339,,-2.22,-6.67,2.22,0.0,5220000.0,40,-120
1435,2009-12-06,0,340,,-2.94,-6.72,0.83,0.025400000000000002,3250000.0,40,-120
1436,2009-12-07,0,341,,-9.19,-15.06,-3.33,0.0,5740000.0,40,-120
1437,2009-12-08,0,342,,-10.89,-17.78,-4.0,0.0,5790000.0,40,-120
1438,2009-12-09,0,343,,-9.94,-16.0,-3.89,0.0,5580000.0,40,-120
1439,2009-12-10,0,344,,-10.25,-16.72,-3.78,0.0,5810000.0,40,-120
1440,2009-12-11,0,345,,-10.17,-16.83,-3.5,0.0,5160000.0,40,-120
1441,2009-12-12,0,346,,-6.53,-9.83,-3.22,0.0,2210000.0,40,-120
1442,2009-12-13,0,347,,-2.28,-5.61,1.06,0.0,3600000.0,40,-120
1443,2009-12-14,0,348,,-1.47,-6.89,3.94,0.0,4210000.0,40,-120
1444,2009-12-15,0,349,,-0.58,-1.39,0.22,0.3302,1450000.0,40,-120
1445,2009-12-16,0,350,,1.06,-0.28,2.39,0.3302,3330000.0,40,-120
1446,2009-12-17,0,351,,1.47,-1.56,4.5,0.025400000000000002,3090000.0,40,-120
1447,2009-12-18,0,352,,2.22,0.61,3.83,0.0,1720000.0,40,-120
1448,2009-12-19,0,353,,3.61,1.33,5.89,0.025400000000000002,2650000.0,40,-120
1449,2009-12-20,0,354,,3.0,2.11,3.89,0.025400000000000002,1350000.0,40,-120
1450,2009-12-21,0,355,,7.56,1.33,13.78,0.3556,5470000.0,40,-120
1451,2009-12-22,0,356,,2.64,-2.11,7.39,0.0,6580000.0,40,-120
1452,2009-12-23,0,357,,-0.14,-4.67,4.39,0.0,5950000.0,40,-120
1453,2009-12-24,0,358,,-2.06,-6.72,2.61,0.0,5280000.0,40,-120
1454,2009-12-25,0,359,,-3.61,-6.89,-0.33,0.0,1490000.0,40,-120
1455,2009-12-26,0,360,,-1.42,-2.17,-0.67,0.0,1060000.0,40,-120
1456,2009-12-27,0,361,,-1.44,-2.67,-0.22,0.0,1730000.0,40,-120
1457,2009-12-28,0,362,,-2.28,-4.56,0.0,0.127,3150000.0,40,-120
1458,2009-12-29,0,363,,-2.42,-3.67,-1.17,0.0,1930000.0,40,-120
1459,2009-12-30,0,364,,-3.31,-8.33,1.72,0.20320000000000002,6400000.0,40,-120
1460,2009-12-31,0,365,,-4.78,-9.39,-0.17,0.0,2160000.0,40,-120
